map,scenario,N,runtime_ms,makespan,soc,success
room-32-32-4,room-32-32-4-random-10,50,0,0,0,1
room-32-32-4,room-32-32-4-random-10,100,1,1,1,1
room-32-32-4,room-32-32-4-random-10,200,5,5,5,1
room-32-32-4,room-32-32-4-random-10,300,11,11,11,1
room-32-32-4,room-32-32-4-random-11,50,0,0,0,1
room-32-32-4,room-32-32-4-random-11,100,1,1,1,1
room-32-32-4,room-32-32-4-random-11,200,5,5,5,1
room-32-32-4,room-32-32-4-random-11,300,10,10,10,1
room-32-32-4,room-32-32-4-random-12,50,0,0,0,1
room-32-32-4,room-32-32-4-random-12,100,1,1,1,1
room-32-32-4,room-32-32-4-random-12,200,4,4,4,1
room-32-32-4,room-32-32-4-random-12,300,9,9,9,1
room-32-32-4,room-32-32-4-random-13,50,0,0,0,1
room-32-32-4,room-32-32-4-random-13,100,2,2,2,1
room-32-32-4,room-32-32-4-random-13,200,5,5,5,1
room-32-32-4,room-32-32-4-random-13,300,10,10,10,1
room-32-32-4,room-32-32-4-random-14,50,0,0,0,1
room-32-32-4,room-32-32-4-random-14,100,1,1,1,1
room-32-32-4,room-32-32-4-random-14,200,4,4,4,1
room-32-32-4,room-32-32-4-random-14,300,10,10,10,1
room-32-32-4,room-32-32-4-random-15,50,0,0,0,1
room-32-32-4,room-32-32-4-random-15,100,1,1,1,1
room-32-32-4,room-32-32-4-random-15,200,4,4,4,1
room-32-32-4,room-32-32-4-random-15,300,10,10,10,1
room-32-32-4,room-32-32-4-random-16,50,0,0,0,1
room-32-32-4,room-32-32-4-random-16,100,1,1,1,1
room-32-32-4,room-32-32-4-random-16,200,5,5,5,1
room-32-32-4,room-32-32-4-random-16,300,9,9,9,1
room-32-32-4,room-32-32-4-random-17,50,0,0,0,1
room-32-32-4,room-32-32-4-random-17,100,1,1,1,1
room-32-32-4,room-32-32-4-random-17,200,5,5,5,1
room-32-32-4,room-32-32-4-random-17,300,11,11,11,1
room-32-32-4,room-32-32-4-random-18,50,0,0,0,1
room-32-32-4,room-32-32-4-random-18,100,1,1,1,1
room-32-32-4,room-32-32-4-random-18,200,6,6,6,1
room-32-32-4,room-32-32-4-random-18,300,11,11,11,1
room-32-32-4,room-32-32-4-random-19,50,1,1,1,1
room-32-32-4,room-32-32-4-random-19,100,1,1,1,1
room-32-32-4,room-32-32-4-random-19,200,5,5,5,1
room-32-32-4,room-32-32-4-random-19,300,11,11,11,1
room-32-32-4,room-32-32-4-random-1,50,0,0,0,1
room-32-32-4,room-32-32-4-random-1,100,1,1,1,1
room-32-32-4,room-32-32-4-random-1,200,4,4,4,1
room-32-32-4,room-32-32-4-random-1,300,10,10,10,1
room-32-32-4,room-32-32-4-random-20,50,1,1,1,1
room-32-32-4,room-32-32-4-random-20,100,2,2,2,1
room-32-32-4,room-32-32-4-random-20,200,5,5,5,1
room-32-32-4,room-32-32-4-random-20,300,10,10,10,1
room-32-32-4,room-32-32-4-random-21,50,0,0,0,1
room-32-32-4,room-32-32-4-random-21,100,1,1,1,1
room-32-32-4,room-32-32-4-random-21,200,5,5,5,1
room-32-32-4,room-32-32-4-random-21,300,10,10,10,1
room-32-32-4,room-32-32-4-random-22,50,0,0,0,1
room-32-32-4,room-32-32-4-random-22,100,1,1,1,1
room-32-32-4,room-32-32-4-random-22,200,4,4,4,1
room-32-32-4,room-32-32-4-random-22,300,13,13,13,1
room-32-32-4,room-32-32-4-random-23,50,0,0,0,1
room-32-32-4,room-32-32-4-random-23,100,2,2,2,1
room-32-32-4,room-32-32-4-random-23,200,5,5,5,1
room-32-32-4,room-32-32-4-random-23,300,9,9,9,1
room-32-32-4,room-32-32-4-random-24,50,0,0,0,1
room-32-32-4,room-32-32-4-random-24,100,1,1,1,1
room-32-32-4,room-32-32-4-random-24,200,6,6,6,1
room-32-32-4,room-32-32-4-random-24,300,9,9,9,1
room-32-32-4,room-32-32-4-random-25,50,0,0,0,1
room-32-32-4,room-32-32-4-random-25,100,2,2,2,1
room-32-32-4,room-32-32-4-random-25,200,7,7,7,1
room-32-32-4,room-32-32-4-random-25,300,15,15,15,1
room-32-32-4,room-32-32-4-random-2,50,1,1,1,1
room-32-32-4,room-32-32-4-random-2,100,2,2,2,1
room-32-32-4,room-32-32-4-random-2,200,6,6,6,1
room-32-32-4,room-32-32-4-random-2,300,10,10,10,1
room-32-32-4,room-32-32-4-random-3,50,0,0,0,1
room-32-32-4,room-32-32-4-random-3,100,2,2,2,1
room-32-32-4,room-32-32-4-random-3,200,5,5,5,1
room-32-32-4,room-32-32-4-random-3,300,10,10,10,1
room-32-32-4,room-32-32-4-random-4,50,0,0,0,1
room-32-32-4,room-32-32-4-random-4,100,2,2,2,1
room-32-32-4,room-32-32-4-random-4,200,4,4,4,1
room-32-32-4,room-32-32-4-random-4,300,11,11,11,1
room-32-32-4,room-32-32-4-random-5,50,0,0,0,1
room-32-32-4,room-32-32-4-random-5,100,2,2,2,1
room-32-32-4,room-32-32-4-random-5,200,4,4,4,1
room-32-32-4,room-32-32-4-random-5,300,10,10,10,1
room-32-32-4,room-32-32-4-random-6,50,0,0,0,1
room-32-32-4,room-32-32-4-random-6,100,2,2,2,1
room-32-32-4,room-32-32-4-random-6,200,6,6,6,1
room-32-32-4,room-32-32-4-random-6,300,11,11,11,1
room-32-32-4,room-32-32-4-random-7,50,1,1,1,1
room-32-32-4,room-32-32-4-random-7,100,1,1,1,1
room-32-32-4,room-32-32-4-random-7,200,6,6,6,1
room-32-32-4,room-32-32-4-random-7,300,12,12,12,1
room-32-32-4,room-32-32-4-random-8,50,0,0,0,1
room-32-32-4,room-32-32-4-random-8,100,1,1,1,1
room-32-32-4,room-32-32-4-random-8,200,4,4,4,1
room-32-32-4,room-32-32-4-random-8,300,10,10,10,1
room-32-32-4,room-32-32-4-random-9,50,1,1,1,1
room-32-32-4,room-32-32-4-random-9,100,1,1,1,1
room-32-32-4,room-32-32-4-random-9,200,5,5,5,1
room-32-32-4,room-32-32-4-random-9,300,9,9,9,1
room-64-64-16,room-64-64-16-random-10,50,3,3,3,1
room-64-64-16,room-64-64-16-random-10,250,25,25,25,1
room-64-64-16,room-64-64-16-random-10,500,50,50,50,1
room-64-64-16,room-64-64-16-random-10,750,109,109,109,1
room-64-64-16,room-64-64-16-random-10,1000,166,166,166,1
room-64-64-16,room-64-64-16-random-11,50,3,3,3,1
room-64-64-16,room-64-64-16-random-11,250,18,18,18,1
room-64-64-16,room-64-64-16-random-11,500,56,56,56,1
room-64-64-16,room-64-64-16-random-11,750,106,106,106,1
room-64-64-16,room-64-64-16-random-11,1000,191,191,191,1
room-64-64-16,room-64-64-16-random-12,50,3,3,3,1
room-64-64-16,room-64-64-16-random-12,250,20,20,20,1
room-64-64-16,room-64-64-16-random-12,500,71,71,71,1
room-64-64-16,room-64-64-16-random-12,750,112,112,112,1
room-64-64-16,room-64-64-16-random-12,1000,182,182,182,1
room-64-64-16,room-64-64-16-random-13,50,2,2,2,1
room-64-64-16,room-64-64-16-random-13,250,19,19,19,1
room-64-64-16,room-64-64-16-random-13,500,61,61,61,1
room-64-64-16,room-64-64-16-random-13,750,102,102,102,1
room-64-64-16,room-64-64-16-random-13,1000,178,178,178,1
room-64-64-16,room-64-64-16-random-14,50,2,2,2,1
room-64-64-16,room-64-64-16-random-14,250,17,17,17,1
room-64-64-16,room-64-64-16-random-14,500,51,51,51,1
room-64-64-16,room-64-64-16-random-14,750,110,110,110,1
room-64-64-16,room-64-64-16-random-14,1000,185,185,185,1
room-64-64-16,room-64-64-16-random-15,50,3,3,3,1
room-64-64-16,room-64-64-16-random-15,250,17,17,17,1
room-64-64-16,room-64-64-16-random-15,500,48,48,48,1
room-64-64-16,room-64-64-16-random-15,750,97,97,97,1
room-64-64-16,room-64-64-16-random-15,1000,156,156,156,1
room-64-64-16,room-64-64-16-random-16,50,2,2,2,1
room-64-64-16,room-64-64-16-random-16,250,15,15,15,1
room-64-64-16,room-64-64-16-random-16,500,45,45,45,1
room-64-64-16,room-64-64-16-random-16,750,97,97,97,1
room-64-64-16,room-64-64-16-random-16,1000,167,167,167,1
room-64-64-16,room-64-64-16-random-17,50,2,2,2,1
room-64-64-16,room-64-64-16-random-17,250,17,17,17,1
room-64-64-16,room-64-64-16-random-17,500,49,49,49,1
room-64-64-16,room-64-64-16-random-17,750,95,95,95,1
room-64-64-16,room-64-64-16-random-17,1000,176,176,176,1
room-64-64-16,room-64-64-16-random-18,50,2,2,2,1
room-64-64-16,room-64-64-16-random-18,250,16,16,16,1
room-64-64-16,room-64-64-16-random-18,500,49,49,49,1
room-64-64-16,room-64-64-16-random-18,750,98,98,98,1
room-64-64-16,room-64-64-16-random-18,1000,169,169,169,1
room-64-64-16,room-64-64-16-random-19,50,3,3,3,1
room-64-64-16,room-64-64-16-random-19,250,17,17,17,1
room-64-64-16,room-64-64-16-random-19,500,49,49,49,1
room-64-64-16,room-64-64-16-random-19,750,99,99,99,1
room-64-64-16,room-64-64-16-random-19,1000,162,162,162,1
room-64-64-16,room-64-64-16-random-1,50,2,2,2,1
room-64-64-16,room-64-64-16-random-1,250,18,18,18,1
room-64-64-16,room-64-64-16-random-1,500,51,51,51,1
room-64-64-16,room-64-64-16-random-1,750,106,106,106,1
room-64-64-16,room-64-64-16-random-1,1000,169,169,169,1
room-64-64-16,room-64-64-16-random-20,50,3,3,3,1
room-64-64-16,room-64-64-16-random-20,250,17,17,17,1
room-64-64-16,room-64-64-16-random-20,500,51,51,51,1
room-64-64-16,room-64-64-16-random-20,750,100,100,100,1
room-64-64-16,room-64-64-16-random-20,1000,170,170,170,1
room-64-64-16,room-64-64-16-random-21,50,2,2,2,1
room-64-64-16,room-64-64-16-random-21,250,20,20,20,1
room-64-64-16,room-64-64-16-random-21,500,55,55,55,1
room-64-64-16,room-64-64-16-random-21,750,101,101,101,1
room-64-64-16,room-64-64-16-random-21,1000,172,172,172,1
room-64-64-16,room-64-64-16-random-22,50,2,2,2,1
room-64-64-16,room-64-64-16-random-22,250,19,19,19,1
room-64-64-16,room-64-64-16-random-22,500,64,64,64,1
room-64-64-16,room-64-64-16-random-22,750,97,97,97,1
room-64-64-16,room-64-64-16-random-22,1000,186,186,186,1
room-64-64-16,room-64-64-16-random-23,50,2,2,2,1
room-64-64-16,room-64-64-16-random-23,250,17,17,17,1
room-64-64-16,room-64-64-16-random-23,500,53,53,53,1
room-64-64-16,room-64-64-16-random-23,750,107,107,107,1
room-64-64-16,room-64-64-16-random-23,1000,180,180,180,1
room-64-64-16,room-64-64-16-random-24,50,3,3,3,1
room-64-64-16,room-64-64-16-random-24,250,19,19,19,1
room-64-64-16,room-64-64-16-random-24,500,57,57,57,1
room-64-64-16,room-64-64-16-random-24,750,96,96,96,1
room-64-64-16,room-64-64-16-random-24,1000,167,167,167,1
room-64-64-16,room-64-64-16-random-25,50,2,2,2,1
room-64-64-16,room-64-64-16-random-25,250,18,18,18,1
room-64-64-16,room-64-64-16-random-25,500,51,51,51,1
room-64-64-16,room-64-64-16-random-25,750,93,93,93,1
room-64-64-16,room-64-64-16-random-25,1000,156,156,156,1
room-64-64-16,room-64-64-16-random-2,50,2,2,2,1
room-64-64-16,room-64-64-16-random-2,250,19,19,19,1
room-64-64-16,room-64-64-16-random-2,500,52,52,52,1
room-64-64-16,room-64-64-16-random-2,750,100,100,100,1
room-64-64-16,room-64-64-16-random-2,1000,175,175,175,1
room-64-64-16,room-64-64-16-random-3,50,2,2,2,1
room-64-64-16,room-64-64-16-random-3,250,18,18,18,1
room-64-64-16,room-64-64-16-random-3,500,46,46,46,1
room-64-64-16,room-64-64-16-random-3,750,104,104,104,1
room-64-64-16,room-64-64-16-random-3,1000,161,161,161,1
room-64-64-16,room-64-64-16-random-4,50,3,3,3,1
room-64-64-16,room-64-64-16-random-4,250,15,15,15,1
room-64-64-16,room-64-64-16-random-4,500,46,46,46,1
room-64-64-16,room-64-64-16-random-4,750,92,92,92,1
room-64-64-16,room-64-64-16-random-4,1000,156,156,156,1
room-64-64-16,room-64-64-16-random-5,50,2,2,2,1
room-64-64-16,room-64-64-16-random-5,250,17,17,17,1
room-64-64-16,room-64-64-16-random-5,500,53,53,53,1
room-64-64-16,room-64-64-16-random-5,750,101,101,101,1
room-64-64-16,room-64-64-16-random-5,1000,161,161,161,1
room-64-64-16,room-64-64-16-random-6,50,2,2,2,1
room-64-64-16,room-64-64-16-random-6,250,17,17,17,1
room-64-64-16,room-64-64-16-random-6,500,45,45,45,1
room-64-64-16,room-64-64-16-random-6,750,89,89,89,1
room-64-64-16,room-64-64-16-random-6,1000,157,157,157,1
room-64-64-16,room-64-64-16-random-7,50,3,3,3,1
room-64-64-16,room-64-64-16-random-7,250,19,19,19,1
room-64-64-16,room-64-64-16-random-7,500,52,52,52,1
room-64-64-16,room-64-64-16-random-7,750,96,96,96,1
room-64-64-16,room-64-64-16-random-7,1000,161,161,161,1
room-64-64-16,room-64-64-16-random-8,50,3,3,3,1
room-64-64-16,room-64-64-16-random-8,250,17,17,17,1
room-64-64-16,room-64-64-16-random-8,500,48,48,48,1
room-64-64-16,room-64-64-16-random-8,750,100,100,100,1
room-64-64-16,room-64-64-16-random-8,1000,183,183,183,1
room-64-64-16,room-64-64-16-random-9,50,2,2,2,1
room-64-64-16,room-64-64-16-random-9,250,16,16,16,1
room-64-64-16,room-64-64-16-random-9,500,46,46,46,1
room-64-64-16,room-64-64-16-random-9,750,102,102,102,1
room-64-64-16,room-64-64-16-random-9,1000,171,171,171,1
room-64-64-8,room-64-64-8-random-10,50,2,2,2,1
room-64-64-8,room-64-64-8-random-10,250,16,16,16,1
room-64-64-8,room-64-64-8-random-10,500,42,42,42,1
room-64-64-8,room-64-64-8-random-10,750,91,91,91,1
room-64-64-8,room-64-64-8-random-10,1000,155,155,155,1
room-64-64-8,room-64-64-8-random-11,50,2,2,2,1
room-64-64-8,room-64-64-8-random-11,250,14,14,14,1
room-64-64-8,room-64-64-8-random-11,500,44,44,44,1
room-64-64-8,room-64-64-8-random-11,750,89,89,89,1
room-64-64-8,room-64-64-8-random-11,1000,161,161,161,1
room-64-64-8,room-64-64-8-random-12,50,2,2,2,1
room-64-64-8,room-64-64-8-random-12,250,15,15,15,1
room-64-64-8,room-64-64-8-random-12,500,48,48,48,1
room-64-64-8,room-64-64-8-random-12,750,95,95,95,1
room-64-64-8,room-64-64-8-random-12,1000,154,154,154,1
room-64-64-8,room-64-64-8-random-13,50,2,2,2,1
room-64-64-8,room-64-64-8-random-13,250,16,16,16,1
room-64-64-8,room-64-64-8-random-13,500,48,48,48,1
room-64-64-8,room-64-64-8-random-13,750,88,88,88,1
room-64-64-8,room-64-64-8-random-13,1000,149,149,149,1
room-64-64-8,room-64-64-8-random-14,50,2,2,2,1
room-64-64-8,room-64-64-8-random-14,250,14,14,14,1
room-64-64-8,room-64-64-8-random-14,500,40,40,40,1
room-64-64-8,room-64-64-8-random-14,750,82,82,82,1
room-64-64-8,room-64-64-8-random-14,1000,160,160,160,1
room-64-64-8,room-64-64-8-random-15,50,2,2,2,1
room-64-64-8,room-64-64-8-random-15,250,18,18,18,1
room-64-64-8,room-64-64-8-random-15,500,50,50,50,1
room-64-64-8,room-64-64-8-random-15,750,98,98,98,1
room-64-64-8,room-64-64-8-random-15,1000,139,139,139,1
room-64-64-8,room-64-64-8-random-16,50,2,2,2,1
room-64-64-8,room-64-64-8-random-16,250,15,15,15,1
room-64-64-8,room-64-64-8-random-16,500,45,45,45,1
room-64-64-8,room-64-64-8-random-16,750,88,88,88,1
room-64-64-8,room-64-64-8-random-16,1000,149,149,149,1
room-64-64-8,room-64-64-8-random-17,50,2,2,2,1
room-64-64-8,room-64-64-8-random-17,250,15,15,15,1
room-64-64-8,room-64-64-8-random-17,500,46,46,46,1
room-64-64-8,room-64-64-8-random-17,750,94,94,94,1
room-64-64-8,room-64-64-8-random-17,1000,152,152,152,1
room-64-64-8,room-64-64-8-random-18,50,2,2,2,1
room-64-64-8,room-64-64-8-random-18,250,15,15,15,1
room-64-64-8,room-64-64-8-random-18,500,41,41,41,1
room-64-64-8,room-64-64-8-random-18,750,84,84,84,1
room-64-64-8,room-64-64-8-random-18,1000,153,153,153,1
room-64-64-8,room-64-64-8-random-19,50,2,2,2,1
room-64-64-8,room-64-64-8-random-19,250,14,14,14,1
room-64-64-8,room-64-64-8-random-19,500,44,44,44,1
room-64-64-8,room-64-64-8-random-19,750,92,92,92,1
room-64-64-8,room-64-64-8-random-19,1000,151,151,151,1
room-64-64-8,room-64-64-8-random-1,50,2,2,2,1
room-64-64-8,room-64-64-8-random-1,250,15,15,15,1
room-64-64-8,room-64-64-8-random-1,500,48,48,48,1
room-64-64-8,room-64-64-8-random-1,750,88,88,88,1
room-64-64-8,room-64-64-8-random-1,1000,143,143,143,1
room-64-64-8,room-64-64-8-random-20,50,2,2,2,1
room-64-64-8,room-64-64-8-random-20,250,13,13,13,1
room-64-64-8,room-64-64-8-random-20,500,47,47,47,1
room-64-64-8,room-64-64-8-random-20,750,86,86,86,1
room-64-64-8,room-64-64-8-random-20,1000,152,152,152,1
room-64-64-8,room-64-64-8-random-21,50,2,2,2,1
room-64-64-8,room-64-64-8-random-21,250,15,15,15,1
room-64-64-8,room-64-64-8-random-21,500,46,46,46,1
room-64-64-8,room-64-64-8-random-21,750,85,85,85,1
room-64-64-8,room-64-64-8-random-21,1000,144,144,144,1
room-64-64-8,room-64-64-8-random-22,50,2,2,2,1
room-64-64-8,room-64-64-8-random-22,250,13,13,13,1
room-64-64-8,room-64-64-8-random-22,500,46,46,46,1
room-64-64-8,room-64-64-8-random-22,750,90,90,90,1
room-64-64-8,room-64-64-8-random-22,1000,152,152,152,1
room-64-64-8,room-64-64-8-random-23,50,2,2,2,1
room-64-64-8,room-64-64-8-random-23,250,14,14,14,1
room-64-64-8,room-64-64-8-random-23,500,42,42,42,1
room-64-64-8,room-64-64-8-random-23,750,82,82,82,1
room-64-64-8,room-64-64-8-random-23,1000,137,137,137,1
room-64-64-8,room-64-64-8-random-24,50,2,2,2,1
room-64-64-8,room-64-64-8-random-24,250,15,15,15,1
room-64-64-8,room-64-64-8-random-24,500,45,45,45,1
room-64-64-8,room-64-64-8-random-24,750,91,91,91,1
room-64-64-8,room-64-64-8-random-24,1000,148,148,148,1
room-64-64-8,room-64-64-8-random-25,50,2,2,2,1
room-64-64-8,room-64-64-8-random-25,250,16,16,16,1
room-64-64-8,room-64-64-8-random-25,500,43,43,43,1
room-64-64-8,room-64-64-8-random-25,750,91,91,91,1
room-64-64-8,room-64-64-8-random-25,1000,152,152,152,1
room-64-64-8,room-64-64-8-random-2,50,2,2,2,1
room-64-64-8,room-64-64-8-random-2,250,16,16,16,1
room-64-64-8,room-64-64-8-random-2,500,45,45,45,1
room-64-64-8,room-64-64-8-random-2,750,94,94,94,1
room-64-64-8,room-64-64-8-random-2,1000,145,145,145,1
room-64-64-8,room-64-64-8-random-3,50,2,2,2,1
room-64-64-8,room-64-64-8-random-3,250,15,15,15,1
room-64-64-8,room-64-64-8-random-3,500,42,42,42,1
room-64-64-8,room-64-64-8-random-3,750,90,90,90,1
room-64-64-8,room-64-64-8-random-3,1000,144,144,144,1
room-64-64-8,room-64-64-8-random-4,50,2,2,2,1
room-64-64-8,room-64-64-8-random-4,250,16,16,16,1
room-64-64-8,room-64-64-8-random-4,500,45,45,45,1
room-64-64-8,room-64-64-8-random-4,750,91,91,91,1
room-64-64-8,room-64-64-8-random-4,1000,147,147,147,1
room-64-64-8,room-64-64-8-random-5,50,2,2,2,1
room-64-64-8,room-64-64-8-random-5,250,15,15,15,1
room-64-64-8,room-64-64-8-random-5,500,41,41,41,1
room-64-64-8,room-64-64-8-random-5,750,81,81,81,1
room-64-64-8,room-64-64-8-random-5,1000,141,141,141,1
room-64-64-8,room-64-64-8-random-6,50,2,2,2,1
room-64-64-8,room-64-64-8-random-6,250,16,16,16,1
room-64-64-8,room-64-64-8-random-6,500,45,45,45,1
room-64-64-8,room-64-64-8-random-6,750,91,91,91,1
room-64-64-8,room-64-64-8-random-6,1000,159,159,159,1
room-64-64-8,room-64-64-8-random-7,50,2,2,2,1
room-64-64-8,room-64-64-8-random-7,250,13,13,13,1
room-64-64-8,room-64-64-8-random-7,500,50,50,50,1
room-64-64-8,room-64-64-8-random-7,750,93,93,93,1
room-64-64-8,room-64-64-8-random-7,1000,151,151,151,1
room-64-64-8,room-64-64-8-random-8,50,2,2,2,1
room-64-64-8,room-64-64-8-random-8,250,14,14,14,1
room-64-64-8,room-64-64-8-random-8,500,42,42,42,1
room-64-64-8,room-64-64-8-random-8,750,88,88,88,1
room-64-64-8,room-64-64-8-random-8,1000,148,148,148,1
room-64-64-8,room-64-64-8-random-9,50,2,2,2,1
room-64-64-8,room-64-64-8-random-9,250,13,13,13,1
room-64-64-8,room-64-64-8-random-9,500,44,44,44,1
room-64-64-8,room-64-64-8-random-9,750,89,89,89,1
room-64-64-8,room-64-64-8-random-9,1000,163,163,163,1
random-32-32-20,random-32-32-20-random-10,50,0,0,0,1
random-32-32-20,random-32-32-20-random-10,100,1,1,1,1
random-32-32-20,random-32-32-20-random-10,200,3,3,3,1
random-32-32-20,random-32-32-20-random-10,300,7,7,7,1
random-32-32-20,random-32-32-20-random-10,400,1919,1919,1919,1
random-32-32-20,random-32-32-20-random-11,50,0,0,0,1
random-32-32-20,random-32-32-20-random-11,100,1,1,1,1
random-32-32-20,random-32-32-20-random-11,200,7,7,7,1
random-32-32-20,random-32-32-20-random-11,300,361,361,361,1
random-32-32-20,random-32-32-20-random-11,400,660,660,660,1
random-32-32-20,random-32-32-20-random-12,50,0,0,0,1
random-32-32-20,random-32-32-20-random-12,100,1,1,1,1
random-32-32-20,random-32-32-20-random-12,200,7,7,7,1
random-32-32-20,random-32-32-20-random-12,300,21,21,21,1
random-32-32-20,random-32-32-20-random-12,400,1626,1626,1626,1
random-32-32-20,random-32-32-20-random-13,50,0,0,0,1
random-32-32-20,random-32-32-20-random-13,100,2,2,2,1
random-32-32-20,random-32-32-20-random-13,200,3,3,3,1
random-32-32-20,random-32-32-20-random-13,300,13,13,13,1
random-32-32-20,random-32-32-20-random-13,400,147,147,147,1
random-32-32-20,random-32-32-20-random-14,50,0,0,0,1
random-32-32-20,random-32-32-20-random-14,100,2,2,2,1
random-32-32-20,random-32-32-20-random-14,200,28,28,28,1
random-32-32-20,random-32-32-20-random-14,300,70,70,70,1
random-32-32-20,random-32-32-20-random-14,400,695,695,695,1
random-32-32-20,random-32-32-20-random-15,50,0,0,0,1
random-32-32-20,random-32-32-20-random-15,100,1,1,1,1
random-32-32-20,random-32-32-20-random-15,200,5,5,5,1
random-32-32-20,random-32-32-20-random-15,300,28,28,28,1
random-32-32-20,random-32-32-20-random-15,400,452,452,452,1
random-32-32-20,random-32-32-20-random-16,50,0,0,0,1
random-32-32-20,random-32-32-20-random-16,100,2,2,2,1
random-32-32-20,random-32-32-20-random-16,200,4,4,4,1
random-32-32-20,random-32-32-20-random-16,300,10,10,10,1
random-32-32-20,random-32-32-20-random-16,400,50,50,50,1
random-32-32-20,random-32-32-20-random-17,50,0,0,0,1
random-32-32-20,random-32-32-20-random-17,100,1,1,1,1
random-32-32-20,random-32-32-20-random-17,200,5,5,5,1
random-32-32-20,random-32-32-20-random-17,300,9,9,9,1
random-32-32-20,random-32-32-20-random-17,400,2180,2180,2180,1
random-32-32-20,random-32-32-20-random-18,50,1,1,1,1
random-32-32-20,random-32-32-20-random-18,100,1,1,1,1
random-32-32-20,random-32-32-20-random-18,200,4,4,4,1
random-32-32-20,random-32-32-20-random-18,300,8,8,8,1
random-32-32-20,random-32-32-20-random-18,400,432,432,432,1
random-32-32-20,random-32-32-20-random-19,50,0,0,0,1
random-32-32-20,random-32-32-20-random-19,100,1,1,1,1
random-32-32-20,random-32-32-20-random-19,200,4,4,4,1
random-32-32-20,random-32-32-20-random-19,300,75,75,75,1
random-32-32-20,random-32-32-20-random-19,400,3290,3290,3290,1
random-32-32-20,random-32-32-20-random-1,50,0,0,0,1
random-32-32-20,random-32-32-20-random-1,100,1,1,1,1
random-32-32-20,random-32-32-20-random-1,200,19,19,19,1
random-32-32-20,random-32-32-20-random-1,300,672,672,672,1
random-32-32-20,random-32-32-20-random-1,400,1493,1493,1493,1
random-32-32-20,random-32-32-20-random-20,50,0,0,0,1
random-32-32-20,random-32-32-20-random-20,100,2,2,2,1
random-32-32-20,random-32-32-20-random-20,200,4,4,4,1
random-32-32-20,random-32-32-20-random-20,300,193,193,193,1
random-32-32-20,random-32-32-20-random-20,400,43,43,43,1
random-32-32-20,random-32-32-20-random-21,50,0,0,0,1
random-32-32-20,random-32-32-20-random-21,100,2,2,2,1
random-32-32-20,random-32-32-20-random-21,200,4,4,4,1
random-32-32-20,random-32-32-20-random-21,300,575,575,575,1
random-32-32-20,random-32-32-20-random-21,400,2471,2471,2471,1
random-32-32-20,random-32-32-20-random-22,50,0,0,0,1
random-32-32-20,random-32-32-20-random-22,100,1,1,1,1
random-32-32-20,random-32-32-20-random-22,200,48,48,48,1
random-32-32-20,random-32-32-20-random-22,300,80,80,80,1
random-32-32-20,random-32-32-20-random-22,400,571,571,571,1
random-32-32-20,random-32-32-20-random-23,50,0,0,0,1
random-32-32-20,random-32-32-20-random-23,100,1,1,1,1
random-32-32-20,random-32-32-20-random-23,200,4,4,4,1
random-32-32-20,random-32-32-20-random-23,300,9,9,9,1
random-32-32-20,random-32-32-20-random-23,400,11,11,11,1
random-32-32-20,random-32-32-20-random-24,50,0,0,0,1
random-32-32-20,random-32-32-20-random-24,100,1,1,1,1
random-32-32-20,random-32-32-20-random-24,200,4,4,4,1
random-32-32-20,random-32-32-20-random-24,300,6,6,6,1
random-32-32-20,random-32-32-20-random-24,400,14,14,14,1
random-32-32-20,random-32-32-20-random-25,50,0,0,0,1
random-32-32-20,random-32-32-20-random-25,100,1,1,1,1
random-32-32-20,random-32-32-20-random-25,200,6,6,6,1
random-32-32-20,random-32-32-20-random-25,300,22,22,22,1
random-32-32-20,random-32-32-20-random-25,400,51,51,51,1
random-32-32-20,random-32-32-20-random-2,50,0,0,0,1
random-32-32-20,random-32-32-20-random-2,100,2,2,2,1
random-32-32-20,random-32-32-20-random-2,200,3,3,3,1
random-32-32-20,random-32-32-20-random-2,300,144,144,144,1
random-32-32-20,random-32-32-20-random-2,400,604,604,604,1
random-32-32-20,random-32-32-20-random-3,50,0,0,0,1
random-32-32-20,random-32-32-20-random-3,100,1,1,1,1
random-32-32-20,random-32-32-20-random-3,200,18,18,18,1
random-32-32-20,random-32-32-20-random-3,300,10,10,10,1
random-32-32-20,random-32-32-20-random-3,400,97,97,97,1
random-32-32-20,random-32-32-20-random-4,50,0,0,0,1
random-32-32-20,random-32-32-20-random-4,100,1,1,1,1
random-32-32-20,random-32-32-20-random-4,200,3,3,3,1
random-32-32-20,random-32-32-20-random-4,300,7,7,7,1
random-32-32-20,random-32-32-20-random-4,400,383,383,383,1
random-32-32-20,random-32-32-20-random-5,50,0,0,0,1
random-32-32-20,random-32-32-20-random-5,100,1,1,1,1
random-32-32-20,random-32-32-20-random-5,200,369,369,369,1
random-32-32-20,random-32-32-20-random-5,300,123,123,123,1
random-32-32-20,random-32-32-20-random-5,400,1217,1217,1217,1
random-32-32-20,random-32-32-20-random-6,50,0,0,0,1
random-32-32-20,random-32-32-20-random-6,100,1,1,1,1
random-32-32-20,random-32-32-20-random-6,200,5,5,5,1
random-32-32-20,random-32-32-20-random-6,300,11,11,11,1
random-32-32-20,random-32-32-20-random-6,400,169,169,169,1
random-32-32-20,random-32-32-20-random-7,50,0,0,0,1
random-32-32-20,random-32-32-20-random-7,100,1,1,1,1
random-32-32-20,random-32-32-20-random-7,200,4,4,4,1
random-32-32-20,random-32-32-20-random-7,300,8,8,8,1
random-32-32-20,random-32-32-20-random-7,400,12,12,12,1
random-32-32-20,random-32-32-20-random-8,50,0,0,0,1
random-32-32-20,random-32-32-20-random-8,100,1,1,1,1
random-32-32-20,random-32-32-20-random-8,200,3,3,3,1
random-32-32-20,random-32-32-20-random-8,300,11,11,11,1
random-32-32-20,random-32-32-20-random-8,400,882,882,882,1
random-32-32-20,random-32-32-20-random-9,50,0,0,0,1
random-32-32-20,random-32-32-20-random-9,100,5,5,5,1
random-32-32-20,random-32-32-20-random-9,200,107,107,107,1
random-32-32-20,random-32-32-20-random-9,300,29,29,29,1
random-32-32-20,random-32-32-20-random-9,400,257,257,257,1
random-64-64-20,random-64-64-20-random-10,50,2,2,2,1
random-64-64-20,random-64-64-20-random-10,250,21,21,21,1
random-64-64-20,random-64-64-20-random-10,500,52,52,52,1
random-64-64-20,random-64-64-20-random-10,750,95,95,95,1
random-64-64-20,random-64-64-20-random-10,1000,153,153,153,1
random-64-64-20,random-64-64-20-random-11,50,2,2,2,1
random-64-64-20,random-64-64-20-random-11,250,14,14,14,1
random-64-64-20,random-64-64-20-random-11,500,56,56,56,1
random-64-64-20,random-64-64-20-random-11,750,151,151,151,1
random-64-64-20,random-64-64-20-random-11,1000,186,186,186,1
random-64-64-20,random-64-64-20-random-12,50,2,2,2,1
random-64-64-20,random-64-64-20-random-12,250,14,14,14,1
random-64-64-20,random-64-64-20-random-12,500,72,72,72,1
random-64-64-20,random-64-64-20-random-12,750,496,496,496,1
random-64-64-20,random-64-64-20-random-12,1000,882,882,882,1
random-64-64-20,random-64-64-20-random-13,50,2,2,2,1
random-64-64-20,random-64-64-20-random-13,250,14,14,14,1
random-64-64-20,random-64-64-20-random-13,500,30,30,30,1
random-64-64-20,random-64-64-20-random-13,750,55,55,55,1
random-64-64-20,random-64-64-20-random-13,1000,160,160,160,1
random-64-64-20,random-64-64-20-random-14,50,2,2,2,1
random-64-64-20,random-64-64-20-random-14,250,13,13,13,1
random-64-64-20,random-64-64-20-random-14,500,28,28,28,1
random-64-64-20,random-64-64-20-random-14,750,54,54,54,1
random-64-64-20,random-64-64-20-random-14,1000,97,97,97,1
random-64-64-20,random-64-64-20-random-15,50,3,3,3,1
random-64-64-20,random-64-64-20-random-15,250,13,13,13,1
random-64-64-20,random-64-64-20-random-15,500,29,29,29,1
random-64-64-20,random-64-64-20-random-15,750,10249,10249,10249,0
random-64-64-20,random-64-64-20-random-15,1000,10132,10132,10132,0
random-64-64-20,random-64-64-20-random-16,50,2,2,2,1
random-64-64-20,random-64-64-20-random-16,250,14,14,14,1
random-64-64-20,random-64-64-20-random-16,500,34,34,34,1
random-64-64-20,random-64-64-20-random-16,750,53,53,53,1
random-64-64-20,random-64-64-20-random-16,1000,10158,10158,10158,0
random-64-64-20,random-64-64-20-random-17,50,3,3,3,1
random-64-64-20,random-64-64-20-random-17,250,89,89,89,1
random-64-64-20,random-64-64-20-random-17,500,57,57,57,1
random-64-64-20,random-64-64-20-random-17,750,208,208,208,1
random-64-64-20,random-64-64-20-random-17,1000,183,183,183,1
random-64-64-20,random-64-64-20-random-18,50,2,2,2,1
random-64-64-20,random-64-64-20-random-18,250,13,13,13,1
random-64-64-20,random-64-64-20-random-18,500,50,50,50,1
random-64-64-20,random-64-64-20-random-18,750,245,245,245,1
random-64-64-20,random-64-64-20-random-18,1000,1408,1408,1408,1
random-64-64-20,random-64-64-20-random-19,50,2,2,2,1
random-64-64-20,random-64-64-20-random-19,250,14,14,14,1
random-64-64-20,random-64-64-20-random-19,500,31,31,31,1
random-64-64-20,random-64-64-20-random-19,750,399,399,399,1
random-64-64-20,random-64-64-20-random-19,1000,185,185,185,1
random-64-64-20,random-64-64-20-random-1,50,2,2,2,1
random-64-64-20,random-64-64-20-random-1,250,13,13,13,1
random-64-64-20,random-64-64-20-random-1,500,30,30,30,1
random-64-64-20,random-64-64-20-random-1,750,50,50,50,1
random-64-64-20,random-64-64-20-random-1,1000,86,86,86,1
random-64-64-20,random-64-64-20-random-20,50,2,2,2,1
random-64-64-20,random-64-64-20-random-20,250,16,16,16,1
random-64-64-20,random-64-64-20-random-20,500,32,32,32,1
random-64-64-20,random-64-64-20-random-20,750,52,52,52,1
random-64-64-20,random-64-64-20-random-20,1000,10162,10162,10162,0
random-64-64-20,random-64-64-20-random-21,50,2,2,2,1
random-64-64-20,random-64-64-20-random-21,250,11,11,11,1
random-64-64-20,random-64-64-20-random-21,500,32,32,32,1
random-64-64-20,random-64-64-20-random-21,750,54,54,54,1
random-64-64-20,random-64-64-20-random-21,1000,109,109,109,1
random-64-64-20,random-64-64-20-random-22,50,2,2,2,1
random-64-64-20,random-64-64-20-random-22,250,13,13,13,1
random-64-64-20,random-64-64-20-random-22,500,86,86,86,1
random-64-64-20,random-64-64-20-random-22,750,52,52,52,1
random-64-64-20,random-64-64-20-random-22,1000,525,525,525,1
random-64-64-20,random-64-64-20-random-23,50,2,2,2,1
random-64-64-20,random-64-64-20-random-23,250,13,13,13,1
random-64-64-20,random-64-64-20-random-23,500,108,108,108,1
random-64-64-20,random-64-64-20-random-23,750,106,106,106,1
random-64-64-20,random-64-64-20-random-23,1000,10154,10154,10154,0
random-64-64-20,random-64-64-20-random-24,50,2,2,2,1
random-64-64-20,random-64-64-20-random-24,250,13,13,13,1
random-64-64-20,random-64-64-20-random-24,500,10291,10291,10291,0
random-64-64-20,random-64-64-20-random-24,750,10212,10212,10212,0
random-64-64-20,random-64-64-20-random-24,1000,10155,10155,10155,0
random-64-64-20,random-64-64-20-random-25,50,2,2,2,1
random-64-64-20,random-64-64-20-random-25,250,14,14,14,1
random-64-64-20,random-64-64-20-random-25,500,31,31,31,1
random-64-64-20,random-64-64-20-random-25,750,10212,10212,10212,0
random-64-64-20,random-64-64-20-random-25,1000,10157,10157,10157,0
random-64-64-20,random-64-64-20-random-2,50,2,2,2,1
random-64-64-20,random-64-64-20-random-2,250,45,45,45,1
random-64-64-20,random-64-64-20-random-2,500,85,85,85,1
random-64-64-20,random-64-64-20-random-2,750,209,209,209,1
random-64-64-20,random-64-64-20-random-2,1000,95,95,95,1
random-64-64-20,random-64-64-20-random-3,50,2,2,2,1
random-64-64-20,random-64-64-20-random-3,250,18,18,18,1
random-64-64-20,random-64-64-20-random-3,500,31,31,31,1
random-64-64-20,random-64-64-20-random-3,750,624,624,624,1
random-64-64-20,random-64-64-20-random-3,1000,988,988,988,1
random-64-64-20,random-64-64-20-random-4,50,3,3,3,1
random-64-64-20,random-64-64-20-random-4,250,16,16,16,1
random-64-64-20,random-64-64-20-random-4,500,34,34,34,1
random-64-64-20,random-64-64-20-random-4,750,10228,10228,10228,0
random-64-64-20,random-64-64-20-random-4,1000,10153,10153,10153,0
random-64-64-20,random-64-64-20-random-5,50,2,2,2,1
random-64-64-20,random-64-64-20-random-5,250,14,14,14,1
random-64-64-20,random-64-64-20-random-5,500,36,36,36,1
random-64-64-20,random-64-64-20-random-5,750,83,83,83,1
random-64-64-20,random-64-64-20-random-5,1000,6999,6999,6999,1
random-64-64-20,random-64-64-20-random-6,50,2,2,2,1
random-64-64-20,random-64-64-20-random-6,250,14,14,14,1
random-64-64-20,random-64-64-20-random-6,500,32,32,32,1
random-64-64-20,random-64-64-20-random-6,750,172,172,172,1
random-64-64-20,random-64-64-20-random-6,1000,209,209,209,1
random-64-64-20,random-64-64-20-random-7,50,2,2,2,1
random-64-64-20,random-64-64-20-random-7,250,14,14,14,1
random-64-64-20,random-64-64-20-random-7,500,32,32,32,1
random-64-64-20,random-64-64-20-random-7,750,10207,10207,10207,0
random-64-64-20,random-64-64-20-random-7,1000,10116,10116,10116,0
random-64-64-20,random-64-64-20-random-8,50,2,2,2,1
random-64-64-20,random-64-64-20-random-8,250,14,14,14,1
random-64-64-20,random-64-64-20-random-8,500,57,57,57,1
random-64-64-20,random-64-64-20-random-8,750,10202,10202,10202,0
random-64-64-20,random-64-64-20-random-8,1000,10119,10119,10119,0
random-64-64-20,random-64-64-20-random-9,50,2,2,2,1
random-64-64-20,random-64-64-20-random-9,250,14,14,14,1
random-64-64-20,random-64-64-20-random-9,500,32,32,32,1
random-64-64-20,random-64-64-20-random-9,750,57,57,57,1
random-64-64-20,random-64-64-20-random-9,1000,80,80,80,1
maze-32-32-2,maze-32-32-2-random-10,50,1,1,1,1
maze-32-32-2,maze-32-32-2-random-10,100,49,49,49,1
maze-32-32-2,maze-32-32-2-random-10,200,176,176,176,1
maze-32-32-2,maze-32-32-2-random-10,300,32,32,32,1
maze-32-32-2,maze-32-32-2-random-11,50,1,1,1,1
maze-32-32-2,maze-32-32-2-random-11,100,2,2,2,1
maze-32-32-2,maze-32-32-2-random-11,200,10873,10873,10873,0
maze-32-32-2,maze-32-32-2-random-11,300,10687,10687,10687,0
maze-32-32-2,maze-32-32-2-random-12,50,1,1,1,1
maze-32-32-2,maze-32-32-2-random-12,100,2,2,2,1
maze-32-32-2,maze-32-32-2-random-12,200,10933,10933,10933,0
maze-32-32-2,maze-32-32-2-random-12,300,10823,10823,10823,0
maze-32-32-2,maze-32-32-2-random-13,50,1,1,1,1
maze-32-32-2,maze-32-32-2-random-13,100,2,2,2,1
maze-32-32-2,maze-32-32-2-random-13,200,11012,11012,11012,0
maze-32-32-2,maze-32-32-2-random-13,300,10646,10646,10646,0
maze-32-32-2,maze-32-32-2-random-14,50,1,1,1,1
maze-32-32-2,maze-32-32-2-random-14,100,2,2,2,1
maze-32-32-2,maze-32-32-2-random-14,200,10878,10878,10878,0
maze-32-32-2,maze-32-32-2-random-14,300,10685,10685,10685,0
maze-32-32-2,maze-32-32-2-random-15,50,1,1,1,1
maze-32-32-2,maze-32-32-2-random-15,100,2,2,2,1
maze-32-32-2,maze-32-32-2-random-15,200,6,6,6,1
maze-32-32-2,maze-32-32-2-random-15,300,10693,10693,10693,0
maze-32-32-2,maze-32-32-2-random-16,50,1,1,1,1
maze-32-32-2,maze-32-32-2-random-16,100,11667,11667,11667,0
maze-32-32-2,maze-32-32-2-random-16,200,10832,10832,10832,0
maze-32-32-2,maze-32-32-2-random-16,300,10696,10696,10696,0
maze-32-32-2,maze-32-32-2-random-17,50,1,1,1,1
maze-32-32-2,maze-32-32-2-random-17,100,2,2,2,1
maze-32-32-2,maze-32-32-2-random-17,200,8,8,8,1
maze-32-32-2,maze-32-32-2-random-17,300,62,62,62,1
maze-32-32-2,maze-32-32-2-random-18,50,1,1,1,1
maze-32-32-2,maze-32-32-2-random-18,100,2,2,2,1
maze-32-32-2,maze-32-32-2-random-18,200,10813,10813,10813,0
maze-32-32-2,maze-32-32-2-random-18,300,11020,11020,11020,0
maze-32-32-2,maze-32-32-2-random-19,50,1,1,1,1
maze-32-32-2,maze-32-32-2-random-19,100,2,2,2,1
maze-32-32-2,maze-32-32-2-random-19,200,10983,10983,10983,0
maze-32-32-2,maze-32-32-2-random-19,300,10674,10674,10674,0
maze-32-32-2,maze-32-32-2-random-1,50,1,1,1,1
maze-32-32-2,maze-32-32-2-random-1,100,2,2,2,1
maze-32-32-2,maze-32-32-2-random-1,200,10929,10929,10929,0
maze-32-32-2,maze-32-32-2-random-1,300,10559,10559,10559,0
maze-32-32-2,maze-32-32-2-random-20,50,1,1,1,1
maze-32-32-2,maze-32-32-2-random-20,100,11792,11792,11792,0
maze-32-32-2,maze-32-32-2-random-20,200,10814,10814,10814,0
maze-32-32-2,maze-32-32-2-random-20,300,11365,11365,11365,0
maze-32-32-2,maze-32-32-2-random-21,50,1,1,1,1
maze-32-32-2,maze-32-32-2-random-21,100,2,2,2,1
maze-32-32-2,maze-32-32-2-random-21,200,10,10,10,1
maze-32-32-2,maze-32-32-2-random-21,300,436,436,436,1
maze-32-32-2,maze-32-32-2-random-22,50,1,1,1,1
maze-32-32-2,maze-32-32-2-random-22,100,2,2,2,1
maze-32-32-2,maze-32-32-2-random-22,200,10950,10950,10950,0
maze-32-32-2,maze-32-32-2-random-22,300,10709,10709,10709,0
maze-32-32-2,maze-32-32-2-random-23,50,1,1,1,1
maze-32-32-2,maze-32-32-2-random-23,100,11885,11885,11885,0
maze-32-32-2,maze-32-32-2-random-23,200,10842,10842,10842,0
maze-32-32-2,maze-32-32-2-random-23,300,10730,10730,10730,0
maze-32-32-2,maze-32-32-2-random-24,50,1,1,1,1
maze-32-32-2,maze-32-32-2-random-24,100,2,2,2,1
maze-32-32-2,maze-32-32-2-random-24,200,10892,10892,10892,0
maze-32-32-2,maze-32-32-2-random-24,300,10625,10625,10625,0
maze-32-32-2,maze-32-32-2-random-25,50,1,1,1,1
maze-32-32-2,maze-32-32-2-random-25,100,2,2,2,1
maze-32-32-2,maze-32-32-2-random-25,200,10982,10982,10982,0
maze-32-32-2,maze-32-32-2-random-25,300,15,15,15,1
maze-32-32-2,maze-32-32-2-random-2,50,1,1,1,1
maze-32-32-2,maze-32-32-2-random-2,100,11817,11817,11817,0
maze-32-32-2,maze-32-32-2-random-2,200,10871,10871,10871,0
maze-32-32-2,maze-32-32-2-random-2,300,10559,10559,10559,0
maze-32-32-2,maze-32-32-2-random-3,50,1,1,1,1
maze-32-32-2,maze-32-32-2-random-3,100,320,320,320,1
maze-32-32-2,maze-32-32-2-random-3,200,11052,11052,11052,0
maze-32-32-2,maze-32-32-2-random-3,300,10713,10713,10713,0
maze-32-32-2,maze-32-32-2-random-4,50,13390,13390,13390,0
maze-32-32-2,maze-32-32-2-random-4,100,11732,11732,11732,0
maze-32-32-2,maze-32-32-2-random-4,200,10941,10941,10941,0
maze-32-32-2,maze-32-32-2-random-4,300,10776,10776,10776,0
maze-32-32-2,maze-32-32-2-random-5,50,301,301,301,1
maze-32-32-2,maze-32-32-2-random-5,100,11971,11971,11971,0
maze-32-32-2,maze-32-32-2-random-5,200,11331,11331,11331,0
maze-32-32-2,maze-32-32-2-random-5,300,11373,11373,11373,0
maze-32-32-2,maze-32-32-2-random-6,50,1,1,1,1
maze-32-32-2,maze-32-32-2-random-6,100,2,2,2,1
maze-32-32-2,maze-32-32-2-random-6,200,10927,10927,10927,0
maze-32-32-2,maze-32-32-2-random-6,300,10657,10657,10657,0
maze-32-32-2,maze-32-32-2-random-7,50,13193,13193,13193,0
maze-32-32-2,maze-32-32-2-random-7,100,11813,11813,11813,0
maze-32-32-2,maze-32-32-2-random-7,200,6,6,6,1
maze-32-32-2,maze-32-32-2-random-7,300,10997,10997,10997,0
maze-32-32-2,maze-32-32-2-random-8,50,1,1,1,1
maze-32-32-2,maze-32-32-2-random-8,100,2,2,2,1
maze-32-32-2,maze-32-32-2-random-8,200,68,68,68,1
maze-32-32-2,maze-32-32-2-random-8,300,10784,10784,10784,0
maze-32-32-2,maze-32-32-2-random-9,50,1,1,1,1
maze-32-32-2,maze-32-32-2-random-9,100,2,2,2,1
maze-32-32-2,maze-32-32-2-random-9,200,6,6,6,1
maze-32-32-2,maze-32-32-2-random-9,300,10643,10643,10643,0
warehouse-20-40-10-2-1,warehouse-20-40-10-2-1-random-10,50,20,20,20,1
warehouse-20-40-10-2-1,warehouse-20-40-10-2-1-random-10,250,447,447,447,1
warehouse-20-40-10-2-1,warehouse-20-40-10-2-1-random-10,500,9397,9397,9397,1
warehouse-20-40-10-2-1,warehouse-20-40-10-2-1-random-10,750,10197,10197,10197,0
warehouse-20-40-10-2-1,warehouse-20-40-10-2-1-random-10,1000,10148,10148,10148,0
warehouse-20-40-10-2-1,warehouse-20-40-10-2-1-random-11,50,20,20,20,1
warehouse-20-40-10-2-1,warehouse-20-40-10-2-1-random-11,250,1063,1063,1063,1
warehouse-20-40-10-2-1,warehouse-20-40-10-2-1-random-11,500,10194,10194,10194,0
warehouse-20-40-10-2-1,warehouse-20-40-10-2-1-random-11,750,10127,10127,10127,0
warehouse-20-40-10-2-1,warehouse-20-40-10-2-1-random-11,1000,10143,10143,10143,0
warehouse-20-40-10-2-1,warehouse-20-40-10-2-1-random-12,50,20,20,20,1
warehouse-20-40-10-2-1,warehouse-20-40-10-2-1-random-12,250,1025,1025,1025,1
warehouse-20-40-10-2-1,warehouse-20-40-10-2-1-random-12,500,10207,10207,10207,0
warehouse-20-40-10-2-1,warehouse-20-40-10-2-1-random-12,750,10195,10195,10195,0
warehouse-20-40-10-2-1,warehouse-20-40-10-2-1-random-12,1000,10149,10149,10149,0
warehouse-20-40-10-2-1,warehouse-20-40-10-2-1-random-13,50,20,20,20,1
warehouse-20-40-10-2-1,warehouse-20-40-10-2-1-random-13,250,813,813,813,1
warehouse-20-40-10-2-1,warehouse-20-40-10-2-1-random-13,500,10217,10217,10217,0
warehouse-20-40-10-2-1,warehouse-20-40-10-2-1-random-13,750,10191,10191,10191,0
warehouse-20-40-10-2-1,warehouse-20-40-10-2-1-random-13,1000,10127,10127,10127,0
warehouse-20-40-10-2-1,warehouse-20-40-10-2-1-random-14,50,24,24,24,1
warehouse-20-40-10-2-1,warehouse-20-40-10-2-1-random-14,250,422,422,422,1
warehouse-20-40-10-2-1,warehouse-20-40-10-2-1-random-14,500,10207,10207,10207,0
warehouse-20-40-10-2-1,warehouse-20-40-10-2-1-random-14,750,10196,10196,10196,0
warehouse-20-40-10-2-1,warehouse-20-40-10-2-1-random-14,1000,10153,10153,10153,0
warehouse-20-40-10-2-1,warehouse-20-40-10-2-1-random-15,50,24,24,24,1
warehouse-20-40-10-2-1,warehouse-20-40-10-2-1-random-15,250,907,907,907,1
warehouse-20-40-10-2-1,warehouse-20-40-10-2-1-random-15,500,10217,10217,10217,0
warehouse-20-40-10-2-1,warehouse-20-40-10-2-1-random-15,750,10191,10191,10191,0
warehouse-20-40-10-2-1,warehouse-20-40-10-2-1-random-15,1000,10146,10146,10146,0
warehouse-20-40-10-2-1,warehouse-20-40-10-2-1-random-16,50,23,23,23,1
warehouse-20-40-10-2-1,warehouse-20-40-10-2-1-random-16,250,3908,3908,3908,1
warehouse-20-40-10-2-1,warehouse-20-40-10-2-1-random-16,500,10282,10282,10282,0
warehouse-20-40-10-2-1,warehouse-20-40-10-2-1-random-16,750,10193,10193,10193,0
warehouse-20-40-10-2-1,warehouse-20-40-10-2-1-random-16,1000,10138,10138,10138,0
warehouse-20-40-10-2-1,warehouse-20-40-10-2-1-random-17,50,21,21,21,1
warehouse-20-40-10-2-1,warehouse-20-40-10-2-1-random-17,250,101,101,101,1
warehouse-20-40-10-2-1,warehouse-20-40-10-2-1-random-17,500,4095,4095,4095,1
warehouse-20-40-10-2-1,warehouse-20-40-10-2-1-random-17,750,10181,10181,10181,0
warehouse-20-40-10-2-1,warehouse-20-40-10-2-1-random-17,1000,10142,10142,10142,0
warehouse-20-40-10-2-1,warehouse-20-40-10-2-1-random-18,50,24,24,24,1
warehouse-20-40-10-2-1,warehouse-20-40-10-2-1-random-18,250,486,486,486,1
warehouse-20-40-10-2-1,warehouse-20-40-10-2-1-random-18,500,10184,10184,10184,0
warehouse-20-40-10-2-1,warehouse-20-40-10-2-1-random-18,750,10188,10188,10188,0
warehouse-20-40-10-2-1,warehouse-20-40-10-2-1-random-18,1000,10150,10150,10150,0
warehouse-20-40-10-2-1,warehouse-20-40-10-2-1-random-19,50,20,20,20,1
warehouse-20-40-10-2-1,warehouse-20-40-10-2-1-random-19,250,112,112,112,1
warehouse-20-40-10-2-1,warehouse-20-40-10-2-1-random-19,500,10175,10175,10175,0
warehouse-20-40-10-2-1,warehouse-20-40-10-2-1-random-19,750,10187,10187,10187,0
warehouse-20-40-10-2-1,warehouse-20-40-10-2-1-random-19,1000,10147,10147,10147,0
warehouse-20-40-10-2-1,warehouse-20-40-10-2-1-random-1,50,19,19,19,1
warehouse-20-40-10-2-1,warehouse-20-40-10-2-1-random-1,250,93,93,93,1
warehouse-20-40-10-2-1,warehouse-20-40-10-2-1-random-1,500,4680,4680,4680,1
warehouse-20-40-10-2-1,warehouse-20-40-10-2-1-random-1,750,10183,10183,10183,0
warehouse-20-40-10-2-1,warehouse-20-40-10-2-1-random-1,1000,10127,10127,10127,0
warehouse-20-40-10-2-1,warehouse-20-40-10-2-1-random-20,50,20,20,20,1
warehouse-20-40-10-2-1,warehouse-20-40-10-2-1-random-20,250,1702,1702,1702,1
warehouse-20-40-10-2-1,warehouse-20-40-10-2-1-random-20,500,10213,10213,10213,0
warehouse-20-40-10-2-1,warehouse-20-40-10-2-1-random-20,750,10180,10180,10180,0
warehouse-20-40-10-2-1,warehouse-20-40-10-2-1-random-20,1000,10143,10143,10143,0
warehouse-20-40-10-2-1,warehouse-20-40-10-2-1-random-21,50,17,17,17,1
warehouse-20-40-10-2-1,warehouse-20-40-10-2-1-random-21,250,91,91,91,1
warehouse-20-40-10-2-1,warehouse-20-40-10-2-1-random-21,500,10198,10198,10198,0
warehouse-20-40-10-2-1,warehouse-20-40-10-2-1-random-21,750,10183,10183,10183,0
warehouse-20-40-10-2-1,warehouse-20-40-10-2-1-random-21,1000,10155,10155,10155,0
warehouse-20-40-10-2-1,warehouse-20-40-10-2-1-random-22,50,21,21,21,1
warehouse-20-40-10-2-1,warehouse-20-40-10-2-1-random-22,250,448,448,448,1
warehouse-20-40-10-2-1,warehouse-20-40-10-2-1-random-22,500,10203,10203,10203,0
warehouse-20-40-10-2-1,warehouse-20-40-10-2-1-random-22,750,10163,10163,10163,0
warehouse-20-40-10-2-1,warehouse-20-40-10-2-1-random-22,1000,10144,10144,10144,0
warehouse-20-40-10-2-1,warehouse-20-40-10-2-1-random-23,50,21,21,21,1
warehouse-20-40-10-2-1,warehouse-20-40-10-2-1-random-23,250,97,97,97,1
warehouse-20-40-10-2-1,warehouse-20-40-10-2-1-random-23,500,10183,10183,10183,0
warehouse-20-40-10-2-1,warehouse-20-40-10-2-1-random-23,750,10195,10195,10195,0
warehouse-20-40-10-2-1,warehouse-20-40-10-2-1-random-23,1000,10153,10153,10153,0
warehouse-20-40-10-2-1,warehouse-20-40-10-2-1-random-24,50,22,22,22,1
warehouse-20-40-10-2-1,warehouse-20-40-10-2-1-random-24,250,94,94,94,1
warehouse-20-40-10-2-1,warehouse-20-40-10-2-1-random-24,500,10185,10185,10185,0
warehouse-20-40-10-2-1,warehouse-20-40-10-2-1-random-24,750,10162,10162,10162,0
warehouse-20-40-10-2-1,warehouse-20-40-10-2-1-random-24,1000,10132,10132,10132,0
warehouse-20-40-10-2-1,warehouse-20-40-10-2-1-random-25,50,20,20,20,1
warehouse-20-40-10-2-1,warehouse-20-40-10-2-1-random-25,250,94,94,94,1
warehouse-20-40-10-2-1,warehouse-20-40-10-2-1-random-25,500,10179,10179,10179,0
warehouse-20-40-10-2-1,warehouse-20-40-10-2-1-random-25,750,10178,10178,10178,0
warehouse-20-40-10-2-1,warehouse-20-40-10-2-1-random-25,1000,10139,10139,10139,0
warehouse-20-40-10-2-1,warehouse-20-40-10-2-1-random-2,50,19,19,19,1
warehouse-20-40-10-2-1,warehouse-20-40-10-2-1-random-2,250,95,95,95,1
warehouse-20-40-10-2-1,warehouse-20-40-10-2-1-random-2,500,10200,10200,10200,0
warehouse-20-40-10-2-1,warehouse-20-40-10-2-1-random-2,750,10139,10139,10139,0
warehouse-20-40-10-2-1,warehouse-20-40-10-2-1-random-2,1000,10140,10140,10140,0
warehouse-20-40-10-2-1,warehouse-20-40-10-2-1-random-3,50,606,606,606,1
warehouse-20-40-10-2-1,warehouse-20-40-10-2-1-random-3,250,212,212,212,1
warehouse-20-40-10-2-1,warehouse-20-40-10-2-1-random-3,500,10228,10228,10228,0
warehouse-20-40-10-2-1,warehouse-20-40-10-2-1-random-3,750,10176,10176,10176,0
warehouse-20-40-10-2-1,warehouse-20-40-10-2-1-random-3,1000,10120,10120,10120,0
warehouse-20-40-10-2-1,warehouse-20-40-10-2-1-random-4,50,20,20,20,1
warehouse-20-40-10-2-1,warehouse-20-40-10-2-1-random-4,250,6107,6107,6107,1
warehouse-20-40-10-2-1,warehouse-20-40-10-2-1-random-4,500,10267,10267,10267,0
warehouse-20-40-10-2-1,warehouse-20-40-10-2-1-random-4,750,10181,10181,10181,0
warehouse-20-40-10-2-1,warehouse-20-40-10-2-1-random-4,1000,10135,10135,10135,0
warehouse-20-40-10-2-1,warehouse-20-40-10-2-1-random-5,50,21,21,21,1
warehouse-20-40-10-2-1,warehouse-20-40-10-2-1-random-5,250,3600,3600,3600,1
warehouse-20-40-10-2-1,warehouse-20-40-10-2-1-random-5,500,10222,10222,10222,0
warehouse-20-40-10-2-1,warehouse-20-40-10-2-1-random-5,750,10180,10180,10180,0
warehouse-20-40-10-2-1,warehouse-20-40-10-2-1-random-5,1000,10129,10129,10129,0
warehouse-20-40-10-2-1,warehouse-20-40-10-2-1-random-6,50,21,21,21,1
warehouse-20-40-10-2-1,warehouse-20-40-10-2-1-random-6,250,2193,2193,2193,1
warehouse-20-40-10-2-1,warehouse-20-40-10-2-1-random-6,500,10203,10203,10203,0
warehouse-20-40-10-2-1,warehouse-20-40-10-2-1-random-6,750,10125,10125,10125,0
warehouse-20-40-10-2-1,warehouse-20-40-10-2-1-random-6,1000,10141,10141,10141,0
warehouse-20-40-10-2-1,warehouse-20-40-10-2-1-random-7,50,23,23,23,1
warehouse-20-40-10-2-1,warehouse-20-40-10-2-1-random-7,250,783,783,783,1
warehouse-20-40-10-2-1,warehouse-20-40-10-2-1-random-7,500,10181,10181,10181,0
warehouse-20-40-10-2-1,warehouse-20-40-10-2-1-random-7,750,10185,10185,10185,0
warehouse-20-40-10-2-1,warehouse-20-40-10-2-1-random-7,1000,10126,10126,10126,0
warehouse-20-40-10-2-1,warehouse-20-40-10-2-1-random-8,50,46,46,46,1
warehouse-20-40-10-2-1,warehouse-20-40-10-2-1-random-8,250,1571,1571,1571,1
warehouse-20-40-10-2-1,warehouse-20-40-10-2-1-random-8,500,10183,10183,10183,0
warehouse-20-40-10-2-1,warehouse-20-40-10-2-1-random-8,750,10180,10180,10180,0
warehouse-20-40-10-2-1,warehouse-20-40-10-2-1-random-8,1000,10137,10137,10137,0
warehouse-20-40-10-2-1,warehouse-20-40-10-2-1-random-9,50,20,20,20,1
warehouse-20-40-10-2-1,warehouse-20-40-10-2-1-random-9,250,447,447,447,1
warehouse-20-40-10-2-1,warehouse-20-40-10-2-1-random-9,500,10203,10203,10203,0
warehouse-20-40-10-2-1,warehouse-20-40-10-2-1-random-9,750,10176,10176,10176,0
warehouse-20-40-10-2-1,warehouse-20-40-10-2-1-random-9,1000,10125,10125,10125,0
warehouse-20-40-10-2-2,warehouse-20-40-10-2-2-random-10,50,40,40,40,1
warehouse-20-40-10-2-2,warehouse-20-40-10-2-2-random-10,250,145,145,145,1
warehouse-20-40-10-2-2,warehouse-20-40-10-2-2-random-10,500,265,265,265,1
warehouse-20-40-10-2-2,warehouse-20-40-10-2-2-random-10,750,451,451,451,1
warehouse-20-40-10-2-2,warehouse-20-40-10-2-2-random-10,1000,632,632,632,1
warehouse-20-40-10-2-2,warehouse-20-40-10-2-2-random-11,50,42,42,42,1
warehouse-20-40-10-2-2,warehouse-20-40-10-2-2-random-11,250,143,143,143,1
warehouse-20-40-10-2-2,warehouse-20-40-10-2-2-random-11,500,284,284,284,1
warehouse-20-40-10-2-2,warehouse-20-40-10-2-2-random-11,750,443,443,443,1
warehouse-20-40-10-2-2,warehouse-20-40-10-2-2-random-11,1000,614,614,614,1
warehouse-20-40-10-2-2,warehouse-20-40-10-2-2-random-12,50,40,40,40,1
warehouse-20-40-10-2-2,warehouse-20-40-10-2-2-random-12,250,153,153,153,1
warehouse-20-40-10-2-2,warehouse-20-40-10-2-2-random-12,500,288,288,288,1
warehouse-20-40-10-2-2,warehouse-20-40-10-2-2-random-12,750,438,438,438,1
warehouse-20-40-10-2-2,warehouse-20-40-10-2-2-random-12,1000,612,612,612,1
warehouse-20-40-10-2-2,warehouse-20-40-10-2-2-random-13,50,32,32,32,1
warehouse-20-40-10-2-2,warehouse-20-40-10-2-2-random-13,250,147,147,147,1
warehouse-20-40-10-2-2,warehouse-20-40-10-2-2-random-13,500,292,292,292,1
warehouse-20-40-10-2-2,warehouse-20-40-10-2-2-random-13,750,452,452,452,1
warehouse-20-40-10-2-2,warehouse-20-40-10-2-2-random-13,1000,596,596,596,1
warehouse-20-40-10-2-2,warehouse-20-40-10-2-2-random-14,50,30,30,30,1
warehouse-20-40-10-2-2,warehouse-20-40-10-2-2-random-14,250,151,151,151,1
warehouse-20-40-10-2-2,warehouse-20-40-10-2-2-random-14,500,285,285,285,1
warehouse-20-40-10-2-2,warehouse-20-40-10-2-2-random-14,750,450,450,450,1
warehouse-20-40-10-2-2,warehouse-20-40-10-2-2-random-14,1000,621,621,621,1
warehouse-20-40-10-2-2,warehouse-20-40-10-2-2-random-15,50,36,36,36,1
warehouse-20-40-10-2-2,warehouse-20-40-10-2-2-random-15,250,148,148,148,1
warehouse-20-40-10-2-2,warehouse-20-40-10-2-2-random-15,500,287,287,287,1
warehouse-20-40-10-2-2,warehouse-20-40-10-2-2-random-15,750,473,473,473,1
warehouse-20-40-10-2-2,warehouse-20-40-10-2-2-random-15,1000,580,580,580,1
warehouse-20-40-10-2-2,warehouse-20-40-10-2-2-random-16,50,34,34,34,1
warehouse-20-40-10-2-2,warehouse-20-40-10-2-2-random-16,250,141,141,141,1
warehouse-20-40-10-2-2,warehouse-20-40-10-2-2-random-16,500,296,296,296,1
warehouse-20-40-10-2-2,warehouse-20-40-10-2-2-random-16,750,412,412,412,1
warehouse-20-40-10-2-2,warehouse-20-40-10-2-2-random-16,1000,604,604,604,1
warehouse-20-40-10-2-2,warehouse-20-40-10-2-2-random-17,50,35,35,35,1
warehouse-20-40-10-2-2,warehouse-20-40-10-2-2-random-17,250,144,144,144,1
warehouse-20-40-10-2-2,warehouse-20-40-10-2-2-random-17,500,280,280,280,1
warehouse-20-40-10-2-2,warehouse-20-40-10-2-2-random-17,750,427,427,427,1
warehouse-20-40-10-2-2,warehouse-20-40-10-2-2-random-17,1000,600,600,600,1
warehouse-20-40-10-2-2,warehouse-20-40-10-2-2-random-18,50,32,32,32,1
warehouse-20-40-10-2-2,warehouse-20-40-10-2-2-random-18,250,148,148,148,1
warehouse-20-40-10-2-2,warehouse-20-40-10-2-2-random-18,500,284,284,284,1
warehouse-20-40-10-2-2,warehouse-20-40-10-2-2-random-18,750,430,430,430,1
warehouse-20-40-10-2-2,warehouse-20-40-10-2-2-random-18,1000,654,654,654,1
warehouse-20-40-10-2-2,warehouse-20-40-10-2-2-random-19,50,33,33,33,1
warehouse-20-40-10-2-2,warehouse-20-40-10-2-2-random-19,250,145,145,145,1
warehouse-20-40-10-2-2,warehouse-20-40-10-2-2-random-19,500,278,278,278,1
warehouse-20-40-10-2-2,warehouse-20-40-10-2-2-random-19,750,414,414,414,1
warehouse-20-40-10-2-2,warehouse-20-40-10-2-2-random-19,1000,611,611,611,1
warehouse-20-40-10-2-2,warehouse-20-40-10-2-2-random-1,50,37,37,37,1
warehouse-20-40-10-2-2,warehouse-20-40-10-2-2-random-1,250,140,140,140,1
warehouse-20-40-10-2-2,warehouse-20-40-10-2-2-random-1,500,287,287,287,1
warehouse-20-40-10-2-2,warehouse-20-40-10-2-2-random-1,750,428,428,428,1
warehouse-20-40-10-2-2,warehouse-20-40-10-2-2-random-1,1000,569,569,569,1
warehouse-20-40-10-2-2,warehouse-20-40-10-2-2-random-20,50,37,37,37,1
warehouse-20-40-10-2-2,warehouse-20-40-10-2-2-random-20,250,144,144,144,1
warehouse-20-40-10-2-2,warehouse-20-40-10-2-2-random-20,500,267,267,267,1
warehouse-20-40-10-2-2,warehouse-20-40-10-2-2-random-20,750,445,445,445,1
warehouse-20-40-10-2-2,warehouse-20-40-10-2-2-random-20,1000,595,595,595,1
warehouse-20-40-10-2-2,warehouse-20-40-10-2-2-random-21,50,34,34,34,1
warehouse-20-40-10-2-2,warehouse-20-40-10-2-2-random-21,250,144,144,144,1
warehouse-20-40-10-2-2,warehouse-20-40-10-2-2-random-21,500,282,282,282,1
warehouse-20-40-10-2-2,warehouse-20-40-10-2-2-random-21,750,453,453,453,1
warehouse-20-40-10-2-2,warehouse-20-40-10-2-2-random-21,1000,608,608,608,1
warehouse-20-40-10-2-2,warehouse-20-40-10-2-2-random-22,50,30,30,30,1
warehouse-20-40-10-2-2,warehouse-20-40-10-2-2-random-22,250,144,144,144,1
warehouse-20-40-10-2-2,warehouse-20-40-10-2-2-random-22,500,284,284,284,1
warehouse-20-40-10-2-2,warehouse-20-40-10-2-2-random-22,750,440,440,440,1
warehouse-20-40-10-2-2,warehouse-20-40-10-2-2-random-22,1000,578,578,578,1
warehouse-20-40-10-2-2,warehouse-20-40-10-2-2-random-23,50,32,32,32,1
warehouse-20-40-10-2-2,warehouse-20-40-10-2-2-random-23,250,151,151,151,1
warehouse-20-40-10-2-2,warehouse-20-40-10-2-2-random-23,500,285,285,285,1
warehouse-20-40-10-2-2,warehouse-20-40-10-2-2-random-23,750,446,446,446,1
warehouse-20-40-10-2-2,warehouse-20-40-10-2-2-random-23,1000,616,616,616,1
warehouse-20-40-10-2-2,warehouse-20-40-10-2-2-random-24,50,31,31,31,1
warehouse-20-40-10-2-2,warehouse-20-40-10-2-2-random-24,250,153,153,153,1
warehouse-20-40-10-2-2,warehouse-20-40-10-2-2-random-24,500,279,279,279,1
warehouse-20-40-10-2-2,warehouse-20-40-10-2-2-random-24,750,432,432,432,1
warehouse-20-40-10-2-2,warehouse-20-40-10-2-2-random-24,1000,584,584,584,1
warehouse-20-40-10-2-2,warehouse-20-40-10-2-2-random-25,50,36,36,36,1
warehouse-20-40-10-2-2,warehouse-20-40-10-2-2-random-25,250,145,145,145,1
warehouse-20-40-10-2-2,warehouse-20-40-10-2-2-random-25,500,294,294,294,1
warehouse-20-40-10-2-2,warehouse-20-40-10-2-2-random-25,750,452,452,452,1
warehouse-20-40-10-2-2,warehouse-20-40-10-2-2-random-25,1000,584,584,584,1
warehouse-20-40-10-2-2,warehouse-20-40-10-2-2-random-2,50,34,34,34,1
warehouse-20-40-10-2-2,warehouse-20-40-10-2-2-random-2,250,145,145,145,1
warehouse-20-40-10-2-2,warehouse-20-40-10-2-2-random-2,500,277,277,277,1
warehouse-20-40-10-2-2,warehouse-20-40-10-2-2-random-2,750,418,418,418,1
warehouse-20-40-10-2-2,warehouse-20-40-10-2-2-random-2,1000,571,571,571,1
warehouse-20-40-10-2-2,warehouse-20-40-10-2-2-random-3,50,35,35,35,1
warehouse-20-40-10-2-2,warehouse-20-40-10-2-2-random-3,250,137,137,137,1
warehouse-20-40-10-2-2,warehouse-20-40-10-2-2-random-3,500,280,280,280,1
warehouse-20-40-10-2-2,warehouse-20-40-10-2-2-random-3,750,451,451,451,1
warehouse-20-40-10-2-2,warehouse-20-40-10-2-2-random-3,1000,592,592,592,1
warehouse-20-40-10-2-2,warehouse-20-40-10-2-2-random-4,50,38,38,38,1
warehouse-20-40-10-2-2,warehouse-20-40-10-2-2-random-4,250,142,142,142,1
warehouse-20-40-10-2-2,warehouse-20-40-10-2-2-random-4,500,296,296,296,1
warehouse-20-40-10-2-2,warehouse-20-40-10-2-2-random-4,750,448,448,448,1
warehouse-20-40-10-2-2,warehouse-20-40-10-2-2-random-4,1000,594,594,594,1
warehouse-20-40-10-2-2,warehouse-20-40-10-2-2-random-5,50,30,30,30,1
warehouse-20-40-10-2-2,warehouse-20-40-10-2-2-random-5,250,149,149,149,1
warehouse-20-40-10-2-2,warehouse-20-40-10-2-2-random-5,500,325,325,325,1
warehouse-20-40-10-2-2,warehouse-20-40-10-2-2-random-5,750,438,438,438,1
warehouse-20-40-10-2-2,warehouse-20-40-10-2-2-random-5,1000,600,600,600,1
warehouse-20-40-10-2-2,warehouse-20-40-10-2-2-random-6,50,37,37,37,1
warehouse-20-40-10-2-2,warehouse-20-40-10-2-2-random-6,250,143,143,143,1
warehouse-20-40-10-2-2,warehouse-20-40-10-2-2-random-6,500,287,287,287,1
warehouse-20-40-10-2-2,warehouse-20-40-10-2-2-random-6,750,451,451,451,1
warehouse-20-40-10-2-2,warehouse-20-40-10-2-2-random-6,1000,617,617,617,1
warehouse-20-40-10-2-2,warehouse-20-40-10-2-2-random-7,50,34,34,34,1
warehouse-20-40-10-2-2,warehouse-20-40-10-2-2-random-7,250,155,155,155,1
warehouse-20-40-10-2-2,warehouse-20-40-10-2-2-random-7,500,293,293,293,1
warehouse-20-40-10-2-2,warehouse-20-40-10-2-2-random-7,750,428,428,428,1
warehouse-20-40-10-2-2,warehouse-20-40-10-2-2-random-7,1000,608,608,608,1
warehouse-20-40-10-2-2,warehouse-20-40-10-2-2-random-8,50,34,34,34,1
warehouse-20-40-10-2-2,warehouse-20-40-10-2-2-random-8,250,145,145,145,1
warehouse-20-40-10-2-2,warehouse-20-40-10-2-2-random-8,500,284,284,284,1
warehouse-20-40-10-2-2,warehouse-20-40-10-2-2-random-8,750,422,422,422,1
warehouse-20-40-10-2-2,warehouse-20-40-10-2-2-random-8,1000,605,605,605,1
warehouse-20-40-10-2-2,warehouse-20-40-10-2-2-random-9,50,30,30,30,1
warehouse-20-40-10-2-2,warehouse-20-40-10-2-2-random-9,250,141,141,141,1
warehouse-20-40-10-2-2,warehouse-20-40-10-2-2-random-9,500,275,275,275,1
warehouse-20-40-10-2-2,warehouse-20-40-10-2-2-random-9,750,452,452,452,1
warehouse-20-40-10-2-2,warehouse-20-40-10-2-2-random-9,1000,643,643,643,1
ost003d,ost003d-random-10,50,10,10,10,1
ost003d,ost003d-random-10,250,67,67,67,1
ost003d,ost003d-random-10,500,121,121,121,1
ost003d,ost003d-random-10,750,204,204,204,1
ost003d,ost003d-random-10,1000,267,267,267,1
ost003d,ost003d-random-11,50,11,11,11,1
ost003d,ost003d-random-11,250,62,62,62,1
ost003d,ost003d-random-11,500,122,122,122,1
ost003d,ost003d-random-11,750,189,189,189,1
ost003d,ost003d-random-11,1000,280,280,280,1
ost003d,ost003d-random-12,50,12,12,12,1
ost003d,ost003d-random-12,250,62,62,62,1
ost003d,ost003d-random-12,500,120,120,120,1
ost003d,ost003d-random-12,750,191,191,191,1
ost003d,ost003d-random-12,1000,275,275,275,1
ost003d,ost003d-random-13,50,12,12,12,1
ost003d,ost003d-random-13,250,58,58,58,1
ost003d,ost003d-random-13,500,123,123,123,1
ost003d,ost003d-random-13,750,183,183,183,1
ost003d,ost003d-random-13,1000,285,285,285,1
ost003d,ost003d-random-14,50,10,10,10,1
ost003d,ost003d-random-14,250,63,63,63,1
ost003d,ost003d-random-14,500,111,111,111,1
ost003d,ost003d-random-14,750,179,179,179,1
ost003d,ost003d-random-14,1000,276,276,276,1
ost003d,ost003d-random-15,50,12,12,12,1
ost003d,ost003d-random-15,250,63,63,63,1
ost003d,ost003d-random-15,500,122,122,122,1
ost003d,ost003d-random-15,750,194,194,194,1
ost003d,ost003d-random-15,1000,267,267,267,1
ost003d,ost003d-random-16,50,10,10,10,1
ost003d,ost003d-random-16,250,60,60,60,1
ost003d,ost003d-random-16,500,121,121,121,1
ost003d,ost003d-random-16,750,183,183,183,1
ost003d,ost003d-random-16,1000,266,266,266,1
ost003d,ost003d-random-17,50,12,12,12,1
ost003d,ost003d-random-17,250,60,60,60,1
ost003d,ost003d-random-17,500,124,124,124,1
ost003d,ost003d-random-17,750,195,195,195,1
ost003d,ost003d-random-17,1000,264,264,264,1
ost003d,ost003d-random-18,50,13,13,13,1
ost003d,ost003d-random-18,250,59,59,59,1
ost003d,ost003d-random-18,500,117,117,117,1
ost003d,ost003d-random-18,750,183,183,183,1
ost003d,ost003d-random-18,1000,263,263,263,1
ost003d,ost003d-random-19,50,11,11,11,1
ost003d,ost003d-random-19,250,59,59,59,1
ost003d,ost003d-random-19,500,125,125,125,1
ost003d,ost003d-random-19,750,191,191,191,1
ost003d,ost003d-random-19,1000,275,275,275,1
ost003d,ost003d-random-1,50,10,10,10,1
ost003d,ost003d-random-1,250,58,58,58,1
ost003d,ost003d-random-1,500,114,114,114,1
ost003d,ost003d-random-1,750,187,187,187,1
ost003d,ost003d-random-1,1000,262,262,262,1
ost003d,ost003d-random-20,50,11,11,11,1
ost003d,ost003d-random-20,250,60,60,60,1
ost003d,ost003d-random-20,500,120,120,120,1
ost003d,ost003d-random-20,750,194,194,194,1
ost003d,ost003d-random-20,1000,279,279,279,1
ost003d,ost003d-random-21,50,13,13,13,1
ost003d,ost003d-random-21,250,63,63,63,1
ost003d,ost003d-random-21,500,124,124,124,1
ost003d,ost003d-random-21,750,182,182,182,1
ost003d,ost003d-random-21,1000,263,263,263,1
ost003d,ost003d-random-22,50,13,13,13,1
ost003d,ost003d-random-22,250,66,66,66,1
ost003d,ost003d-random-22,500,128,128,128,1
ost003d,ost003d-random-22,750,195,195,195,1
ost003d,ost003d-random-22,1000,265,265,265,1
ost003d,ost003d-random-23,50,13,13,13,1
ost003d,ost003d-random-23,250,58,58,58,1
ost003d,ost003d-random-23,500,116,116,116,1
ost003d,ost003d-random-23,750,190,190,190,1
ost003d,ost003d-random-23,1000,268,268,268,1
ost003d,ost003d-random-24,50,13,13,13,1
ost003d,ost003d-random-24,250,60,60,60,1
ost003d,ost003d-random-24,500,124,124,124,1
ost003d,ost003d-random-24,750,187,187,187,1
ost003d,ost003d-random-24,1000,258,258,258,1
ost003d,ost003d-random-25,50,10,10,10,1
ost003d,ost003d-random-25,250,66,66,66,1
ost003d,ost003d-random-25,500,125,125,125,1
ost003d,ost003d-random-25,750,181,181,181,1
ost003d,ost003d-random-25,1000,272,272,272,1
ost003d,ost003d-random-2,50,11,11,11,1
ost003d,ost003d-random-2,250,62,62,62,1
ost003d,ost003d-random-2,500,124,124,124,1
ost003d,ost003d-random-2,750,186,186,186,1
ost003d,ost003d-random-2,1000,267,267,267,1
ost003d,ost003d-random-3,50,11,11,11,1
ost003d,ost003d-random-3,250,64,64,64,1
ost003d,ost003d-random-3,500,125,125,125,1
ost003d,ost003d-random-3,750,182,182,182,1
ost003d,ost003d-random-3,1000,264,264,264,1
ost003d,ost003d-random-4,50,11,11,11,1
ost003d,ost003d-random-4,250,63,63,63,1
ost003d,ost003d-random-4,500,118,118,118,1
ost003d,ost003d-random-4,750,201,201,201,1
ost003d,ost003d-random-4,1000,282,282,282,1
ost003d,ost003d-random-5,50,12,12,12,1
ost003d,ost003d-random-5,250,60,60,60,1
ost003d,ost003d-random-5,500,110,110,110,1
ost003d,ost003d-random-5,750,189,189,189,1
ost003d,ost003d-random-5,1000,266,266,266,1
ost003d,ost003d-random-6,50,11,11,11,1
ost003d,ost003d-random-6,250,60,60,60,1
ost003d,ost003d-random-6,500,116,116,116,1
ost003d,ost003d-random-6,750,193,193,193,1
ost003d,ost003d-random-6,1000,268,268,268,1
ost003d,ost003d-random-7,50,12,12,12,1
ost003d,ost003d-random-7,250,60,60,60,1
ost003d,ost003d-random-7,500,124,124,124,1
ost003d,ost003d-random-7,750,199,199,199,1
ost003d,ost003d-random-7,1000,279,279,279,1
ost003d,ost003d-random-8,50,13,13,13,1
ost003d,ost003d-random-8,250,63,63,63,1
ost003d,ost003d-random-8,500,123,123,123,1
ost003d,ost003d-random-8,750,191,191,191,1
ost003d,ost003d-random-8,1000,273,273,273,1
ost003d,ost003d-random-9,50,11,11,11,1
ost003d,ost003d-random-9,250,65,65,65,1
ost003d,ost003d-random-9,500,125,125,125,1
ost003d,ost003d-random-9,750,180,180,180,1
ost003d,ost003d-random-9,1000,266,266,266,1
lt_gallowstemplar_n,lt_gallowstemplar_n-random-10,50,7,7,7,1
lt_gallowstemplar_n,lt_gallowstemplar_n-random-10,250,48,48,48,1
lt_gallowstemplar_n,lt_gallowstemplar_n-random-10,500,95,95,95,1
lt_gallowstemplar_n,lt_gallowstemplar_n-random-10,750,10142,10142,10142,0
lt_gallowstemplar_n,lt_gallowstemplar_n-random-10,1000,10118,10118,10118,0
lt_gallowstemplar_n,lt_gallowstemplar_n-random-11,50,7,7,7,1
lt_gallowstemplar_n,lt_gallowstemplar_n-random-11,250,49,49,49,1
lt_gallowstemplar_n,lt_gallowstemplar_n-random-11,500,92,92,92,1
lt_gallowstemplar_n,lt_gallowstemplar_n-random-11,750,178,178,178,1
lt_gallowstemplar_n,lt_gallowstemplar_n-random-11,1000,233,233,233,1
lt_gallowstemplar_n,lt_gallowstemplar_n-random-12,50,8,8,8,1
lt_gallowstemplar_n,lt_gallowstemplar_n-random-12,250,45,45,45,1
lt_gallowstemplar_n,lt_gallowstemplar_n-random-12,500,95,95,95,1
lt_gallowstemplar_n,lt_gallowstemplar_n-random-12,750,168,168,168,1
lt_gallowstemplar_n,lt_gallowstemplar_n-random-12,1000,247,247,247,1
lt_gallowstemplar_n,lt_gallowstemplar_n-random-13,50,12,12,12,1
lt_gallowstemplar_n,lt_gallowstemplar_n-random-13,250,48,48,48,1
lt_gallowstemplar_n,lt_gallowstemplar_n-random-13,500,92,92,92,1
lt_gallowstemplar_n,lt_gallowstemplar_n-random-13,750,166,166,166,1
lt_gallowstemplar_n,lt_gallowstemplar_n-random-13,1000,10125,10125,10125,0
lt_gallowstemplar_n,lt_gallowstemplar_n-random-14,50,8,8,8,1
lt_gallowstemplar_n,lt_gallowstemplar_n-random-14,250,45,45,45,1
lt_gallowstemplar_n,lt_gallowstemplar_n-random-14,500,98,98,98,1
lt_gallowstemplar_n,lt_gallowstemplar_n-random-14,750,1160,1160,1160,1
lt_gallowstemplar_n,lt_gallowstemplar_n-random-14,1000,560,560,560,1
lt_gallowstemplar_n,lt_gallowstemplar_n-random-15,50,10,10,10,1
lt_gallowstemplar_n,lt_gallowstemplar_n-random-15,250,49,49,49,1
lt_gallowstemplar_n,lt_gallowstemplar_n-random-15,500,94,94,94,1
lt_gallowstemplar_n,lt_gallowstemplar_n-random-15,750,161,161,161,1
lt_gallowstemplar_n,lt_gallowstemplar_n-random-15,1000,263,263,263,1
lt_gallowstemplar_n,lt_gallowstemplar_n-random-16,50,6,6,6,1
lt_gallowstemplar_n,lt_gallowstemplar_n-random-16,250,43,43,43,1
lt_gallowstemplar_n,lt_gallowstemplar_n-random-16,500,97,97,97,1
lt_gallowstemplar_n,lt_gallowstemplar_n-random-16,750,160,160,160,1
lt_gallowstemplar_n,lt_gallowstemplar_n-random-16,1000,231,231,231,1
lt_gallowstemplar_n,lt_gallowstemplar_n-random-17,50,7,7,7,1
lt_gallowstemplar_n,lt_gallowstemplar_n-random-17,250,46,46,46,1
lt_gallowstemplar_n,lt_gallowstemplar_n-random-17,500,88,88,88,1
lt_gallowstemplar_n,lt_gallowstemplar_n-random-17,750,170,170,170,1
lt_gallowstemplar_n,lt_gallowstemplar_n-random-17,1000,246,246,246,1
lt_gallowstemplar_n,lt_gallowstemplar_n-random-18,50,8,8,8,1
lt_gallowstemplar_n,lt_gallowstemplar_n-random-18,250,49,49,49,1
lt_gallowstemplar_n,lt_gallowstemplar_n-random-18,500,88,88,88,1
lt_gallowstemplar_n,lt_gallowstemplar_n-random-18,750,163,163,163,1
lt_gallowstemplar_n,lt_gallowstemplar_n-random-18,1000,246,246,246,1
lt_gallowstemplar_n,lt_gallowstemplar_n-random-19,50,9,9,9,1
lt_gallowstemplar_n,lt_gallowstemplar_n-random-19,250,44,44,44,1
lt_gallowstemplar_n,lt_gallowstemplar_n-random-19,500,91,91,91,1
lt_gallowstemplar_n,lt_gallowstemplar_n-random-19,750,161,161,161,1
lt_gallowstemplar_n,lt_gallowstemplar_n-random-19,1000,233,233,233,1
lt_gallowstemplar_n,lt_gallowstemplar_n-random-1,50,9,9,9,1
lt_gallowstemplar_n,lt_gallowstemplar_n-random-1,250,45,45,45,1
lt_gallowstemplar_n,lt_gallowstemplar_n-random-1,500,93,93,93,1
lt_gallowstemplar_n,lt_gallowstemplar_n-random-1,750,167,167,167,1
lt_gallowstemplar_n,lt_gallowstemplar_n-random-1,1000,238,238,238,1
lt_gallowstemplar_n,lt_gallowstemplar_n-random-20,50,11,11,11,1
lt_gallowstemplar_n,lt_gallowstemplar_n-random-20,250,45,45,45,1
lt_gallowstemplar_n,lt_gallowstemplar_n-random-20,500,93,93,93,1
lt_gallowstemplar_n,lt_gallowstemplar_n-random-20,750,233,233,233,1
lt_gallowstemplar_n,lt_gallowstemplar_n-random-20,1000,10081,10081,10081,0
lt_gallowstemplar_n,lt_gallowstemplar_n-random-21,50,8,8,8,1
lt_gallowstemplar_n,lt_gallowstemplar_n-random-21,250,43,43,43,1
lt_gallowstemplar_n,lt_gallowstemplar_n-random-21,500,96,96,96,1
lt_gallowstemplar_n,lt_gallowstemplar_n-random-21,750,175,175,175,1
lt_gallowstemplar_n,lt_gallowstemplar_n-random-21,1000,257,257,257,1
lt_gallowstemplar_n,lt_gallowstemplar_n-random-22,50,8,8,8,1
lt_gallowstemplar_n,lt_gallowstemplar_n-random-22,250,45,45,45,1
lt_gallowstemplar_n,lt_gallowstemplar_n-random-22,500,92,92,92,1
lt_gallowstemplar_n,lt_gallowstemplar_n-random-22,750,169,169,169,1
lt_gallowstemplar_n,lt_gallowstemplar_n-random-22,1000,239,239,239,1
lt_gallowstemplar_n,lt_gallowstemplar_n-random-23,50,8,8,8,1
lt_gallowstemplar_n,lt_gallowstemplar_n-random-23,250,48,48,48,1
lt_gallowstemplar_n,lt_gallowstemplar_n-random-23,500,97,97,97,1
lt_gallowstemplar_n,lt_gallowstemplar_n-random-23,750,150,150,150,1
lt_gallowstemplar_n,lt_gallowstemplar_n-random-23,1000,245,245,245,1
lt_gallowstemplar_n,lt_gallowstemplar_n-random-24,50,6,6,6,1
lt_gallowstemplar_n,lt_gallowstemplar_n-random-24,250,45,45,45,1
lt_gallowstemplar_n,lt_gallowstemplar_n-random-24,500,89,89,89,1
lt_gallowstemplar_n,lt_gallowstemplar_n-random-24,750,10141,10141,10141,0
lt_gallowstemplar_n,lt_gallowstemplar_n-random-24,1000,10101,10101,10101,0
lt_gallowstemplar_n,lt_gallowstemplar_n-random-25,50,10,10,10,1
lt_gallowstemplar_n,lt_gallowstemplar_n-random-25,250,49,49,49,1
lt_gallowstemplar_n,lt_gallowstemplar_n-random-25,500,5168,5168,5168,1
lt_gallowstemplar_n,lt_gallowstemplar_n-random-25,750,7296,7296,7296,1
lt_gallowstemplar_n,lt_gallowstemplar_n-random-25,1000,259,259,259,1
lt_gallowstemplar_n,lt_gallowstemplar_n-random-2,50,9,9,9,1
lt_gallowstemplar_n,lt_gallowstemplar_n-random-2,250,49,49,49,1
lt_gallowstemplar_n,lt_gallowstemplar_n-random-2,500,98,98,98,1
lt_gallowstemplar_n,lt_gallowstemplar_n-random-2,750,163,163,163,1
lt_gallowstemplar_n,lt_gallowstemplar_n-random-2,1000,243,243,243,1
lt_gallowstemplar_n,lt_gallowstemplar_n-random-3,50,7,7,7,1
lt_gallowstemplar_n,lt_gallowstemplar_n-random-3,250,49,49,49,1
lt_gallowstemplar_n,lt_gallowstemplar_n-random-3,500,99,99,99,1
lt_gallowstemplar_n,lt_gallowstemplar_n-random-3,750,166,166,166,1
lt_gallowstemplar_n,lt_gallowstemplar_n-random-3,1000,260,260,260,1
lt_gallowstemplar_n,lt_gallowstemplar_n-random-4,50,7,7,7,1
lt_gallowstemplar_n,lt_gallowstemplar_n-random-4,250,45,45,45,1
lt_gallowstemplar_n,lt_gallowstemplar_n-random-4,500,86,86,86,1
lt_gallowstemplar_n,lt_gallowstemplar_n-random-4,750,160,160,160,1
lt_gallowstemplar_n,lt_gallowstemplar_n-random-4,1000,238,238,238,1
lt_gallowstemplar_n,lt_gallowstemplar_n-random-5,50,8,8,8,1
lt_gallowstemplar_n,lt_gallowstemplar_n-random-5,250,43,43,43,1
lt_gallowstemplar_n,lt_gallowstemplar_n-random-5,500,1961,1961,1961,1
lt_gallowstemplar_n,lt_gallowstemplar_n-random-5,750,171,171,171,1
lt_gallowstemplar_n,lt_gallowstemplar_n-random-5,1000,10099,10099,10099,0
lt_gallowstemplar_n,lt_gallowstemplar_n-random-6,50,8,8,8,1
lt_gallowstemplar_n,lt_gallowstemplar_n-random-6,250,47,47,47,1
lt_gallowstemplar_n,lt_gallowstemplar_n-random-6,500,91,91,91,1
lt_gallowstemplar_n,lt_gallowstemplar_n-random-6,750,159,159,159,1
lt_gallowstemplar_n,lt_gallowstemplar_n-random-6,1000,262,262,262,1
lt_gallowstemplar_n,lt_gallowstemplar_n-random-7,50,8,8,8,1
lt_gallowstemplar_n,lt_gallowstemplar_n-random-7,250,48,48,48,1
lt_gallowstemplar_n,lt_gallowstemplar_n-random-7,500,95,95,95,1
lt_gallowstemplar_n,lt_gallowstemplar_n-random-7,750,2333,2333,2333,1
lt_gallowstemplar_n,lt_gallowstemplar_n-random-7,1000,10109,10109,10109,0
lt_gallowstemplar_n,lt_gallowstemplar_n-random-8,50,8,8,8,1
lt_gallowstemplar_n,lt_gallowstemplar_n-random-8,250,44,44,44,1
lt_gallowstemplar_n,lt_gallowstemplar_n-random-8,500,84,84,84,1
lt_gallowstemplar_n,lt_gallowstemplar_n-random-8,750,158,158,158,1
lt_gallowstemplar_n,lt_gallowstemplar_n-random-8,1000,669,669,669,1
lt_gallowstemplar_n,lt_gallowstemplar_n-random-9,50,8,8,8,1
lt_gallowstemplar_n,lt_gallowstemplar_n-random-9,250,45,45,45,1
lt_gallowstemplar_n,lt_gallowstemplar_n-random-9,500,96,96,96,1
lt_gallowstemplar_n,lt_gallowstemplar_n-random-9,750,162,162,162,1
lt_gallowstemplar_n,lt_gallowstemplar_n-random-9,1000,245,245,245,1
brc202d,brc202d-random-10,50,46,46,46,1
brc202d,brc202d-random-10,250,192,192,192,1
brc202d,brc202d-random-10,500,412,412,412,1
brc202d,brc202d-random-10,750,630,630,630,1
brc202d,brc202d-random-10,1000,898,898,898,1
brc202d,brc202d-random-11,50,42,42,42,1
brc202d,brc202d-random-11,250,188,188,188,1
brc202d,brc202d-random-11,500,396,396,396,1
brc202d,brc202d-random-11,750,680,680,680,1
brc202d,brc202d-random-11,1000,897,897,897,1
brc202d,brc202d-random-12,50,42,42,42,1
brc202d,brc202d-random-12,250,196,196,196,1
brc202d,brc202d-random-12,500,397,397,397,1
brc202d,brc202d-random-12,750,670,670,670,1
brc202d,brc202d-random-12,1000,909,909,909,1
brc202d,brc202d-random-13,50,42,42,42,1
brc202d,brc202d-random-13,250,208,208,208,1
brc202d,brc202d-random-13,500,383,383,383,1
brc202d,brc202d-random-13,750,625,625,625,1
brc202d,brc202d-random-13,1000,886,886,886,1
brc202d,brc202d-random-14,50,90,90,90,1
brc202d,brc202d-random-14,250,194,194,194,1
brc202d,brc202d-random-14,500,397,397,397,1
brc202d,brc202d-random-14,750,668,668,668,1
brc202d,brc202d-random-14,1000,932,932,932,1
brc202d,brc202d-random-15,50,41,41,41,1
brc202d,brc202d-random-15,250,194,194,194,1
brc202d,brc202d-random-15,500,422,422,422,1
brc202d,brc202d-random-15,750,652,652,652,1
brc202d,brc202d-random-15,1000,888,888,888,1
brc202d,brc202d-random-16,50,41,41,41,1
brc202d,brc202d-random-16,250,186,186,186,1
brc202d,brc202d-random-16,500,395,395,395,1
brc202d,brc202d-random-16,750,646,646,646,1
brc202d,brc202d-random-16,1000,843,843,843,1
brc202d,brc202d-random-17,50,47,47,47,1
brc202d,brc202d-random-17,250,190,190,190,1
brc202d,brc202d-random-17,500,379,379,379,1
brc202d,brc202d-random-17,750,659,659,659,1
brc202d,brc202d-random-17,1000,850,850,850,1
brc202d,brc202d-random-18,50,48,48,48,1
brc202d,brc202d-random-18,250,186,186,186,1
brc202d,brc202d-random-18,500,409,409,409,1
brc202d,brc202d-random-18,750,647,647,647,1
brc202d,brc202d-random-18,1000,895,895,895,1
brc202d,brc202d-random-19,50,52,52,52,1
brc202d,brc202d-random-19,250,199,199,199,1
brc202d,brc202d-random-19,500,371,371,371,1
brc202d,brc202d-random-19,750,628,628,628,1
brc202d,brc202d-random-19,1000,893,893,893,1
brc202d,brc202d-random-1,50,45,45,45,1
brc202d,brc202d-random-1,250,188,188,188,1
brc202d,brc202d-random-1,500,400,400,400,1
brc202d,brc202d-random-1,750,637,637,637,1
brc202d,brc202d-random-1,1000,930,930,930,1
brc202d,brc202d-random-20,50,46,46,46,1
brc202d,brc202d-random-20,250,180,180,180,1
brc202d,brc202d-random-20,500,396,396,396,1
brc202d,brc202d-random-20,750,642,642,642,1
brc202d,brc202d-random-20,1000,862,862,862,1
brc202d,brc202d-random-21,50,42,42,42,1
brc202d,brc202d-random-21,250,194,194,194,1
brc202d,brc202d-random-21,500,416,416,416,1
brc202d,brc202d-random-21,750,657,657,657,1
brc202d,brc202d-random-21,1000,926,926,926,1
brc202d,brc202d-random-22,50,40,40,40,1
brc202d,brc202d-random-22,250,205,205,205,1
brc202d,brc202d-random-22,500,422,422,422,1
brc202d,brc202d-random-22,750,653,653,653,1
brc202d,brc202d-random-22,1000,892,892,892,1
brc202d,brc202d-random-23,50,42,42,42,1
brc202d,brc202d-random-23,250,197,197,197,1
brc202d,brc202d-random-23,500,411,411,411,1
brc202d,brc202d-random-23,750,602,602,602,1
brc202d,brc202d-random-23,1000,839,839,839,1
brc202d,brc202d-random-24,50,45,45,45,1
brc202d,brc202d-random-24,250,190,190,190,1
brc202d,brc202d-random-24,500,380,380,380,1
brc202d,brc202d-random-24,750,656,656,656,1
brc202d,brc202d-random-24,1000,931,931,931,1
brc202d,brc202d-random-25,50,50,50,50,1
brc202d,brc202d-random-25,250,203,203,203,1
brc202d,brc202d-random-25,500,388,388,388,1
brc202d,brc202d-random-25,750,654,654,654,1
brc202d,brc202d-random-25,1000,976,976,976,1
brc202d,brc202d-random-2,50,39,39,39,1
brc202d,brc202d-random-2,250,187,187,187,1
brc202d,brc202d-random-2,500,399,399,399,1
brc202d,brc202d-random-2,750,650,650,650,1
brc202d,brc202d-random-2,1000,10082,10082,10082,0
brc202d,brc202d-random-3,50,47,47,47,1
brc202d,brc202d-random-3,250,187,187,187,1
brc202d,brc202d-random-3,500,379,379,379,1
brc202d,brc202d-random-3,750,596,596,596,1
brc202d,brc202d-random-3,1000,812,812,812,1
brc202d,brc202d-random-4,50,40,40,40,1
brc202d,brc202d-random-4,250,188,188,188,1
brc202d,brc202d-random-4,500,402,402,402,1
brc202d,brc202d-random-4,750,622,622,622,1
brc202d,brc202d-random-4,1000,885,885,885,1
brc202d,brc202d-random-5,50,44,44,44,1
brc202d,brc202d-random-5,250,194,194,194,1
brc202d,brc202d-random-5,500,401,401,401,1
brc202d,brc202d-random-5,750,642,642,642,1
brc202d,brc202d-random-5,1000,854,854,854,1
brc202d,brc202d-random-6,50,56,56,56,1
brc202d,brc202d-random-6,250,199,199,199,1
brc202d,brc202d-random-6,500,421,421,421,1
brc202d,brc202d-random-6,750,658,658,658,1
brc202d,brc202d-random-6,1000,848,848,848,1
brc202d,brc202d-random-7,50,48,48,48,1
brc202d,brc202d-random-7,250,189,189,189,1
brc202d,brc202d-random-7,500,397,397,397,1
brc202d,brc202d-random-7,750,642,642,642,1
brc202d,brc202d-random-7,1000,883,883,883,1
brc202d,brc202d-random-8,50,49,49,49,1
brc202d,brc202d-random-8,250,188,188,188,1
brc202d,brc202d-random-8,500,399,399,399,1
brc202d,brc202d-random-8,750,606,606,606,1
brc202d,brc202d-random-8,1000,868,868,868,1
brc202d,brc202d-random-9,50,50,50,50,1
brc202d,brc202d-random-9,250,218,218,218,1
brc202d,brc202d-random-9,500,406,406,406,1
brc202d,brc202d-random-9,750,674,674,674,1
brc202d,brc202d-random-9,1000,901,901,901,1
orz900d,orz900d-random-10,50,143,143,143,1
orz900d,orz900d-random-10,250,523,523,523,1
orz900d,orz900d-random-10,500,1300,1300,1300,1
orz900d,orz900d-random-10,750,1950,1950,1950,1
orz900d,orz900d-random-10,1000,2481,2481,2481,1
orz900d,orz900d-random-11,50,151,151,151,1
orz900d,orz900d-random-11,250,513,513,513,1
orz900d,orz900d-random-11,500,1268,1268,1268,1
orz900d,orz900d-random-11,750,2036,2036,2036,1
orz900d,orz900d-random-11,1000,2486,2486,2486,1
orz900d,orz900d-random-12,50,145,145,145,1
orz900d,orz900d-random-12,250,487,487,487,1
orz900d,orz900d-random-12,500,1231,1231,1231,1
orz900d,orz900d-random-12,750,1989,1989,1989,1
orz900d,orz900d-random-12,1000,2601,2601,2601,1
orz900d,orz900d-random-13,50,148,148,148,1
orz900d,orz900d-random-13,250,535,535,535,1
orz900d,orz900d-random-13,500,1161,1161,1161,1
orz900d,orz900d-random-13,750,1973,1973,1973,1
orz900d,orz900d-random-13,1000,2578,2578,2578,1
orz900d,orz900d-random-14,50,154,154,154,1
orz900d,orz900d-random-14,250,527,527,527,1
orz900d,orz900d-random-14,500,1275,1275,1275,1
orz900d,orz900d-random-14,750,1974,1974,1974,1
orz900d,orz900d-random-14,1000,2532,2532,2532,1
orz900d,orz900d-random-15,50,145,145,145,1
orz900d,orz900d-random-15,250,527,527,527,1
orz900d,orz900d-random-15,500,1248,1248,1248,1
orz900d,orz900d-random-15,750,1975,1975,1975,1
orz900d,orz900d-random-15,1000,2766,2766,2766,1
orz900d,orz900d-random-16,50,162,162,162,1
orz900d,orz900d-random-16,250,548,548,548,1
orz900d,orz900d-random-16,500,1278,1278,1278,1
orz900d,orz900d-random-16,750,1990,1990,1990,1
orz900d,orz900d-random-16,1000,2488,2488,2488,1
orz900d,orz900d-random-17,50,142,142,142,1
orz900d,orz900d-random-17,250,525,525,525,1
orz900d,orz900d-random-17,500,1204,1204,1204,1
orz900d,orz900d-random-17,750,1980,1980,1980,1
orz900d,orz900d-random-17,1000,2575,2575,2575,1
orz900d,orz900d-random-18,50,131,131,131,1
orz900d,orz900d-random-18,250,503,503,503,1
orz900d,orz900d-random-18,500,1266,1266,1266,1
orz900d,orz900d-random-18,750,1931,1931,1931,1
orz900d,orz900d-random-18,1000,2491,2491,2491,1
orz900d,orz900d-random-19,50,138,138,138,1
orz900d,orz900d-random-19,250,510,510,510,1
orz900d,orz900d-random-19,500,1319,1319,1319,1
orz900d,orz900d-random-19,750,2017,2017,2017,1
orz900d,orz900d-random-19,1000,2601,2601,2601,1
orz900d,orz900d-random-1,50,145,145,145,1
orz900d,orz900d-random-1,250,534,534,534,1
orz900d,orz900d-random-1,500,1311,1311,1311,1
orz900d,orz900d-random-1,750,2034,2034,2034,1
orz900d,orz900d-random-1,1000,2557,2557,2557,1
orz900d,orz900d-random-20,50,141,141,141,1
orz900d,orz900d-random-20,250,569,569,569,1
orz900d,orz900d-random-20,500,1236,1236,1236,1
orz900d,orz900d-random-20,750,1984,1984,1984,1
orz900d,orz900d-random-20,1000,2572,2572,2572,1
orz900d,orz900d-random-21,50,140,140,140,1
orz900d,orz900d-random-21,250,486,486,486,1
orz900d,orz900d-random-21,500,1268,1268,1268,1
orz900d,orz900d-random-21,750,1993,1993,1993,1
orz900d,orz900d-random-21,1000,2478,2478,2478,1
orz900d,orz900d-random-22,50,143,143,143,1
orz900d,orz900d-random-22,250,504,504,504,1
orz900d,orz900d-random-22,500,1204,1204,1204,1
orz900d,orz900d-random-22,750,2022,2022,2022,1
orz900d,orz900d-random-22,1000,2658,2658,2658,1
orz900d,orz900d-random-23,50,152,152,152,1
orz900d,orz900d-random-23,250,513,513,513,1
orz900d,orz900d-random-23,500,1199,1199,1199,1
orz900d,orz900d-random-23,750,2010,2010,2010,1
orz900d,orz900d-random-23,1000,2575,2575,2575,1
orz900d,orz900d-random-24,50,154,154,154,1
orz900d,orz900d-random-24,250,498,498,498,1
orz900d,orz900d-random-24,500,1256,1256,1256,1
orz900d,orz900d-random-24,750,2102,2102,2102,1
orz900d,orz900d-random-24,1000,2528,2528,2528,1
orz900d,orz900d-random-25,50,140,140,140,1
orz900d,orz900d-random-25,250,525,525,525,1
orz900d,orz900d-random-25,500,1300,1300,1300,1
orz900d,orz900d-random-25,750,1947,1947,1947,1
orz900d,orz900d-random-25,1000,2515,2515,2515,1
orz900d,orz900d-random-2,50,148,148,148,1
orz900d,orz900d-random-2,250,479,479,479,1
orz900d,orz900d-random-2,500,1255,1255,1255,1
orz900d,orz900d-random-2,750,1941,1941,1941,1
orz900d,orz900d-random-2,1000,2593,2593,2593,1
orz900d,orz900d-random-3,50,150,150,150,1
orz900d,orz900d-random-3,250,478,478,478,1
orz900d,orz900d-random-3,500,1191,1191,1191,1
orz900d,orz900d-random-3,750,1988,1988,1988,1
orz900d,orz900d-random-3,1000,2548,2548,2548,1
orz900d,orz900d-random-4,50,144,144,144,1
orz900d,orz900d-random-4,250,550,550,550,1
orz900d,orz900d-random-4,500,1318,1318,1318,1
orz900d,orz900d-random-4,750,1973,1973,1973,1
orz900d,orz900d-random-4,1000,2552,2552,2552,1
orz900d,orz900d-random-5,50,151,151,151,1
orz900d,orz900d-random-5,250,567,567,567,1
orz900d,orz900d-random-5,500,1194,1194,1194,1
orz900d,orz900d-random-5,750,2039,2039,2039,1
orz900d,orz900d-random-5,1000,2597,2597,2597,1
orz900d,orz900d-random-6,50,138,138,138,1
orz900d,orz900d-random-6,250,502,502,502,1
orz900d,orz900d-random-6,500,1216,1216,1216,1
orz900d,orz900d-random-6,750,2011,2011,2011,1
orz900d,orz900d-random-6,1000,2628,2628,2628,1
orz900d,orz900d-random-7,50,144,144,144,1
orz900d,orz900d-random-7,250,475,475,475,1
orz900d,orz900d-random-7,500,1200,1200,1200,1
orz900d,orz900d-random-7,750,1945,1945,1945,1
orz900d,orz900d-random-7,1000,2498,2498,2498,1
orz900d,orz900d-random-8,50,134,134,134,1
orz900d,orz900d-random-8,250,555,555,555,1
orz900d,orz900d-random-8,500,1254,1254,1254,1
orz900d,orz900d-random-8,750,2031,2031,2031,1
orz900d,orz900d-random-8,1000,2557,2557,2557,1
orz900d,orz900d-random-9,50,155,155,155,1
orz900d,orz900d-random-9,250,471,471,471,1
orz900d,orz900d-random-9,500,1245,1245,1245,1
orz900d,orz900d-random-9,750,1995,1995,1995,1
orz900d,orz900d-random-9,1000,2530,2530,2530,1
